"동별","연령별","항목","단위","2014. 1/4","2014. 2/4","2014. 3/4","2014. 4/4","2015. 1/4","2015. 2/4","2015. 3/4","2015. 4/4","2016. 1/4","2016. 2/4","2016. 3/4","2016. 4/4","2017. 1/4","2017. 2/4","2017. 3/4","2017. 4/4","2018. 1/4","2018. 2/4","2018. 3/4","2018. 4/4","2019. 1/4","2019. 2/4","2019. 3/4","2019. 4/4","2020. 1/4","2020. 2/4","2020. 3/4","2020. 4/4","2021. 1/4","2021. 2/4","2021. 3/4","2021. 4/4","2022. 1/4","2022. 2/4","2022. 3/4","2022. 4/4","2023. 1/4","2023. 2/4","2023. 3/4","2023. 4/4","2024. 1/4","2024. 2/4","2024. 3/4","2024. 4/4","2025. 1/4","2025. 2/4","2025. 3/4","2025. 4/4","2026. 1/4",
"합계","합계","계","","10385494","10383651","10386339","10369593","10369067","10349492","10331847","10297138","10282821","10260972","10236408","10204057","10197604","10178395","10158411","10124579","10112070","10089517","10068381","10049607","10054979","10041574","10025927","10010983","10013781","9985652","9953009","9911088","9828094","9795426","9765869","9736027","9732617","9725417","9682126","9667669","9668008","9659322","9655918","9638799","9635445","9619861","9605419","9597372","9602826","9595509","9594329","9579177","9579449",
"합계","0~4세","계","","411364","411546","411735","411132","408014","407847","405069","401736","395997","393617","389533","385158","377548","373103","365947","358848","349419","344347","338142","333043","324807","320002","312975","308979","300471","292868","285083","277293","267210","261426","255013","250044","243540","240026","236043","232724","227792","224315","220964","218060","212924","210520","208596","207542","205595","205587","205729","206861","207537",
"합계","5~9세","계","","400229","397586","395676","393451","392448","392641","392785","393870","393561","393049","391799","389807","389913","389085","386899","383928","380246","377835","374781","372029","371367","370294","369515","368373","368576","367054","363986","359387","355476","352673","349581","345196","339987","335170","329643","323365","318362","314486","310468","306295","301757","296959","291269","286741","280911","274640","269467","263682","257942",
"합계","10~14세","계","","477822","471086","465462","459224","448007","439027","430442","420313","412134","407173","402646","398660","395937","393938","393925","394060","391988","388708","387175","384062","381511","378608","376470","374510","374560","374594","374601","375617","375140","374251","373630","372040","371807","370568","368993","366579","364760","362807","361253","359209","358466","357533","357817","356567","356556","355825","354656","351584","349849",
"합계","15~19세","계","","610852","604092","599901","594242","588915","584279","580691","575896","567460","561313","555340","548556","538478","530171","523520","513886","502700","495156","489136","484736","476464","469495","465006","459621","445921","435678","426696","416854","406739","400977","397132","394566","393705","391755","392707","394995","393817","390695","390134","388426","385192","382227","380655","381258","379742","380066","382951","386226","384368",
"합계","20~24세","계","","717497","722578","729389","727181","728790","727690","732330","731898","732405","730835","730073","723557","724238","720483","721569","710866","709512","705131","703480","701582","701068","696658","696103","687693","686152","679209","673343","666221","655516","650630","645182","638174","634470","632552","628403","621697","615813","610219","607352","601307","595514","590577","584967","581606","570525","563437","559532","548450","543735",
"합계","25~29세","계","","800032","799125","796655","793943","790795","790650","786914","780413","778936","781602","783453","786192","789893","795701","800317","804676","809343","816562","820421","822598","829531","838451","843338","846081","851977","853920","855604","858648","856229","855400","851617","847622","846741","848459","847181","844569","845503","845359","843252","838877","836461","831140","823767","818212","819346","817298","812966","806484","801866",
"합계","30~34세","계","","968950","959524","947973","933328","923213","911691","898236","886056","873792","859539","845902","832939","820328","809866","799660","788419","779476","771941","765839","760647","756499","756342","754115","755347","756317","758324","756697","752926","750514","753246","755190","759825","763917","770043","774705","782681","787893","796577","801275","802933","806395","814147","818905","822127","825292","828764","832472","838104","838261",
"합계","35~39세","계","","836253","830114","830315","831542","834464","832847","835154","834251","835754","839864","842547","839476","845328","849648","849167","843213","845026","844941","843687","842013","836513","828423","817931","807231","799598","791034","779643","770283","757205","745584","734204","724373","714169","706006","696743","688408","682110","677387","674439","671858","668757","668279","667860","669306","670690","673893","674975","674769","677638",
"합계","40~44세","계","","937132","935034","927897","922878","915110","906179","894158","882934","869865","855909","840196","832729","822619","812723","802663","797861","786168","773342","764200","753996","751958","745171","743660","744593","746962","744652","746253","745495","742847","745617","748399","745909","750709","754361","752724","747974","751657","753046","754830","755258","751051","744058","736894","727806","721372","715164","708446","702753","696130",
"합계","45~49세","계","","854329","858747","863217","862244","864321","868224","872357","871552","877154","883901","891377","893889","892414","894612","896020","895452","892650","894771","885478","882406","877362","873171","864408","859556","852317","843017","830654","819052","802347","788418","773990","766924","757631","748563","737427","733400","724360","713516","706800","698227","696193","690249","690023","691254","694249","693464","697190","698579","700713",
"합계","50~54세","계","","874633","874279","871141","865450","859492","851209","843515","837594","828587","814676","807567","805522","802049","799218","793089","788454","787942","783648","789536","798088","801577","803440","805601","803690","804946","807516","810238","807718","807902","813512","820086","822207","821183","823833","821714","821140","819078","821690","814559","812501","808204","805042","798091","794160","788526","781487","772119","763738","753746",
"합계","55~59세","계","","777663","785039","791958","801260","801663","807218","812738","817172","823307","831891","831483","827159","828703","826091","821038","822599","827405","829009","823093","812567","811780","808027","802554","796430","790811","782265","774082","766358","752497","739500","732328","730761","728425","726273","717596","713186","712102","707994","714371","722599","726195","728224","731496","730403","733224","736667","740639","741134","746833",
"합계","60~64세","계","","534759","541074","544879","552102","574404","580529","588514","595890","613601","621315","631157","639536","648698","644545","651111","657191","667775","670455","678009","685709","698417","701928","706105","713607","716934","720564","723773","726905","730653","737221","737178","732970","737353","735995","727880","729540","733800","735093","730420","719553","719388","715620","711169","705495","703122","695579","688942","684062","678466",
"합계","65~69세","계","","427539","428899","435797","439917","445985","447374","449902","455406","459633","458114","453720","451804","454655","461918","464818","465476","467946","469767","470667","471878","476751","482760","486035","493045","510721","517488","525746","533767","542398","549419","559216","568036","574423","573471","578211","585417","593745","598180","606658","615216","624258","628209","632921","640195","640972","645900","650943","655487","663016",
"합계","70~74세","계","","340617","343446","345506","345255","347130","351294","351853","348379","346901","346824","350367","351562","355344","356301","357654","357537","360917","364889","369522","373369","378415","380039","386169","390166","395601","397583","400592","406116","405060","403182","399791","398337","401395","408338","409126","410611","413268","415728","417635","419397","424005","429592","433075","439509","455827","462634","470652","478390","491378",
"합계","75~79세","계","","214800","218079","222021","225363","229267","231090","233427","235634","240007","244252","248980","252525","260488","266466","273002","279394","284554","286414","288178","289214","290617","293639","295641","295933","297806","301837","302964","300147","295751","295381","298695","299887","303760","304988","305051","305700","309345","313541","318066","322211","326888","328552","334403","337947","342898","345163","348157","353170","356865",
"합계","80~84세","계","","113361","114532","116407","119127","123034","124947","127315","130679","134530","136948","138928","141998","145804","148205","150263","152988","157201","159425","162171","164850","170233","173041","176111","179234","182742","184459","186551","188621","189726","192873","196626","199533","206146","210840","214748","219981","224460","226310","228182","229238","230796","233266","235015","235361","237347","240898","242218","240530","240684",
"합계","85~89세","계","","55312","56361","57499","58767","60170","60651","61677","62607","63686","64259","65014","66212","67563","68407","69362","70628","71693","72459","73417","74569","76475","77636","78957","80837","83999","85574","87531","90072","91311","92688","94072","96094","98787","99748","99950","101884","105255","106811","108880","110645","114550","116398","118448","120587","123393","124834","126645","128121","131203",
"합계","90~94세","계","","22191","22204","22396","22532","22784","22876","23314","23280","23551","23787","23974","24214","24914","25101","25464","25948","26473","26545","27178","27874","28799","29533","30220","30921","31882","32377","33049","33584","32793","33016","33398","33907","34449","34470","34205","34635","35380","35886","36421","36922","37983","38528","39104","40193","41874","42616","43793","45150","47034",
"합계","95~99세","계","","5755","5804","5916","5967","6237","6318","6444","6523","6742","6805","6970","7074","7279","7425","7467","7621","8015","8446","8485","8515","8852","8803","8816","8870","9043","9083","9224","9211","8028","7921","7967","7957","8282","8205","7743","7864","8082","8150","8417","8583","8925","9187","9374","9577","9814","10051","10282","10445","10672",
"합계","100세 이상","계","","4404","4502","4599","4688","4824","4911","5012","5055","5218","5299","5382","5488","5411","5388","5456","5534","5621","5726","5786","5862","5983","6113","6197","6266","6445","6556","6699","6813","2752","2491","2574","1665","1738","1753","1333","1319","1426","1532","1542","1484","1543","1554","1570","1526","1551","1542","1555","1458","1513",
"종로구","합계","계","","167350","166665","166200","165344","165240","164291","164499","163822","163993","163235","162957","161922","162820","163521","164640","164257","164348","163569","163086","163026","162913","162413","162860","161869","161984","160520","159842","158996","156567","155106","154318","153789","153684","153255","151999","152211","152212","151349","151127","150453","150550","150204","150011","149608","149478","149332","149165","148813","148288",
"종로구","0~4세","계","","4652","4692","4622","4609","4528","4537","4500","4516","4453","4473","4467","4438","4434","4459","4371","4277","4167","4141","4091","4041","3891","3841","3759","3689","3563","3468","3337","3197","3074","3032","2934","2849","2777","2749","2721","2694","2599","2570","2556","2543","2470","2468","2477","2449","2360","2384","2382","2412","2343",
"종로구","5~9세","계","","5211","5151","5110","4991","4957","4925","4979","5008","4986","4983","4975","4923","4994","5024","5035","5032","5005","4945","4911","4871","4866","4824","4842","4825","4784","4717","4634","4596","4479","4482","4475","4439","4358","4283","4180","4100","3960","3916","3880","3791","3689","3629","3561","3497","3392","3323","3253","3130","3072",
"종로구","10~14세","계","","7118","6944","6789","6704","6481","6278","6150","6000","5861","5711","5622","5552","5504","5508","5517","5509","5490","5453","5423","5416","5427","5349","5328","5256","5234","5202","5224","5261","5180","5124","5129","5092","5091","5013","5025","4930","4908","4838","4783","4734","4706","4665","4675","4644","4621","4550","4503","4410","4320",
"종로구","15~19세","계","","9346","9361","9436","9372","9390","9130","9238","9127","8994","8794","8870","8777","8494","8416","8558","8418","8063","7941","7898","7851","7463","7444","7548","7507","6929","6716","6585","6463","6077","5905","5831","5849","5680","5621","5704","5948","5827","5749","5803","5790","5594","5568","5556","5595","5460","5463","5637","5776","5562",
"종로구","20~24세","계","","12789","12828","13112","12979","13252","13146","13567","13416","13793","13791","13962","13759","14264","14221","14665","14429","14755","14497","14413","14485","14557","14542","15060","14593","14640","14092","13907","13721","13477","13211","13090","12935","12723","12746","12952","13088","12901","12719","12793","12649","12369","12330","12261","12174","11712","11648","11635","11569","11270",
"종로구","25~29세","계","","13624","13560","13459","13283","13243","13237","13191","13167","13265","13216","13183","13088","13276","13436","13496","13590","13774","13775","13759","13804","14007","14003","14009","13958","14241","14168","14215","14261","14463","14487","14260","14201","14562","14661","14617","14547","14886","14670","14590","14520","15016","14841","14696","14573","14921","14821","14696","14572","14664",
"종로구","30~34세","계","","13461","13235","13012","12696","12729","12547","12388","12282","12144","11946","11741","11559","11508","11435","11509","11486","11414","11369","11234","11150","11099","11173","11098","11008","11025","10999","10966","10902","10896","10937","10970","11044","11149","11200","11295","11419","11600","11676","11692","11751","11892","12080","12135","12207","12330","12426","12435","12419","12416",
"종로구","35~39세","계","","11442","11315","11243","11242","11130","11105","11123","11071","11145","11203","11188","11045","11192","11407","11468","11431","11464","11442","11487","11571","11535","11294","11170","10905","10882","10720","10646","10505","10280","10068","9914","9838","9736","9662","9541","9553","9414","9347","9274","9166","9114","9149","9164","9177","9152","9232","9223","9210","9328",
"종로구","40~44세","계","","14956","14758","14585","14467","14161","13915","13678","13435","12981","12690","12428","12194","11996","11903","11805","11637","11447","11203","10988","10781","10720","10583","10557","10550","10515","10498","10508","10525","10507","10497","10500","10479","10570","10596","10530","10477","10456","10407","10415","10461","10444","10331","10243","10034","10008","9940","9860","9811","9610",
"종로구","45~49세","계","","14311","14274","14194","14123","14123","14131","14222","14149","14226","14262","14365","14425","14424","14541","14580","14535","14390","14373","14233","14163","13986","13868","13740","13615","13526","13253","12969","12759","12327","11963","11741","11540","11270","11065","10798","10651","10526","10281","10152","9899","9816","9636","9643","9658","9651","9672","9736","9706","9731",
"종로구","50~54세","계","","14622","14570","14435","14388","14269","14088","13997","13956","13806","13580","13430","13347","13347","13412","13488","13398","13361","13262","13264","13355","13344","13293","13327","13323","13372","13428","13474","13399","13415","13434","13545","13564","13499","13406","13235","13230","13144","13172","12974","12892","12721","12636","12479","12328","12206","11956","11704","11500","11295",
"종로구","55~59세","계","","12713","12761","12830","12965","12907","12966","12991","13099","13336","13440","13393","13342","13423","13492","13467","13608","13716","13760","13723","13587","13607","13601","13567","13545","13509","13379","13265","13120","12779","12509","12348","12371","12344","12292","12059","11928","11917","11781","11837","11891","11921","11872","11902","11884","11907","12049","12097","12082","12228",
"종로구","60~64세","계","","8868","8951","8940","8988","9358","9540","9645","9704","10004","10137","10293","10382","10539","10522","10647","10725","10873","10896","11040","11209","11430","11443","11461","11576","11691","11677","11716","11780","11832","11852","11805","11770","11861","11791","11555","11688","11809","11840","11768","11602","11671","11661","11621","11548","11516","11455","11346","11258","11102",
"종로구","65~69세","계","","7728","7705","7726","7748","7738","7664","7677","7759","7773","7665","7537","7500","7568","7633","7702","7662","7710","7706","7750","7755","7801","7875","7925","7959","8299","8373","8496","8569","8645","8743","8867","8954","9035","9046","9012","9047","9143","9219","9375","9511","9655","9717","9774","9874","9892","9922","9994","10138","10294",
"종로구","70~74세","계","","7075","7052","7021","6956","6950","7007","6950","6867","6776","6752","6744","6661","6647","6603","6626","6605","6609","6590","6606","6596","6689","6691","6733","6754","6783","6742","6738","6784","6620","6416","6338","6312","6336","6369","6253","6251","6285","6251","6277","6277","6332","6413","6466","6532","6787","6902","7071","7188","7398",
"종로구","75~79세","계","","4607","4651","4753","4814","4859","4872","4922","4968","5062","5136","5222","5274","5462","5646","5751","5872","5983","5988","5935","5964","5917","5925","5918","5858","5883","5935","5891","5787","5533","5450","5468","5400","5399","5348","5237","5237","5271","5295","5300","5309","5379","5359","5408","5421","5483","5441","5426","5475","5481",
"종로구","80~84세","계","","2569","2575","2606","2663","2766","2802","2843","2871","2910","2958","3018","3112","3184","3243","3285","3329","3380","3444","3502","3549","3625","3687","3787","3849","3907","3904","3947","4011","4014","4010","4073","4089","4183","4282","4268","4358","4404","4392","4373","4342","4342","4376","4384","4351","4331","4404","4385","4316","4236",
"종로구","85~89세","계","","1305","1319","1351","1370","1393","1394","1418","1405","1428","1440","1470","1487","1506","1539","1578","1612","1623","1636","1663","1686","1735","1755","1786","1844","1905","1927","1978","1985","1954","1994","2027","2078","2119","2130","2088","2117","2196","2251","2286","2324","2357","2380","2445","2509","2551","2551","2555","2588","2645",
"종로구","90~94세","계","","593","593","601","606","605","595","591","589","606","613","600","603","607","623","623","626","641","661","670","692","698","702","720","727","755","772","786","804","736","734","743","753","735","749","715","729","748","745","760","764","804","831","855","889","937","927","965","989","1017",
"종로구","95~99세","계","","181","183","184","183","205","210","222","223","223","225","228","234","237","244","249","250","255","259","267","269","281","276","276","275","280","283","289","291","213","206","203","200","219","206","182","190","184","194","200","202","218","219","220","223","218","227","224","230","241",
"종로구","100세 이상","계","","179","187","191","197","196","202","207","210","221","220","221","220","214","214","220","226","228","228","229","231","235","244","249","253","261","267","271","276","66","52","57","32","38","40","32","29","34","36","39","35","40","43","46","41","43","39","38","34","35",
"중구","합계","계","","137466","137122","136773","136227","136063","135200","134828","134329","134436","134175","134463","134409","133240","132838","134174","134593","135139","135427","135258","135633","135836","136276","136663","136488","136469","136030","135321","134635","133708","132259","131943","131787","131450","131673","130764","130785","131390","132054","131825","131793","131812","131800","131589","131214","130418","129616","128942","128444","128128",
"중구","0~4세","계","","4829","4872","4854","4806","4676","4584","4591","4564","4531","4523","4551","4538","4320","4308","4393","4426","4308","4277","4245","4185","4103","4083","4051","4021","3829","3703","3646","3540","3337","3286","3177","3140","3020","2991","3029","3011","2950","2957","2934","2924","2822","2801","2801","2775","2681","2686","2644","2691","2602",
"중구","5~9세","계","","4203","4107","4081","4036","4040","4030","4028","4063","4124","4135","4142","4080","4006","3958","4030","4002","3960","3933","3945","3935","3936","3962","3968","3949","3911","3936","3893","3827","3743","3708","3704","3674","3546","3553","3491","3454","3363","3360","3312","3219","3162","3104","3069","3048","2962","2855","2837","2765","2678",
"중구","10~14세","계","","4518","4484","4379","4268","4159","4074","3896","3755","3654","3624","3575","3541","3462","3510","3484","3544","3530","3496","3498","3453","3427","3366","3374","3347","3294","3309","3282","3288","3313","3342","3314","3272","3283","3236","3224","3166","3167","3150","3151","3144","3123","3129","3108","3057","3024","3021","3002","2984","2964",
"중구","15~19세","계","","6347","6183","6100","6026","5932","5867","5857","5791","5682","5601","5551","5640","5401","5305","5319","5229","5040","4985","4921","4964","4680","4699","4615","4662","4455","4319","4140","4006","3830","3756","3736","3698","3712","3734","3714","3785","3742","3693","3692","3711","3578","3542","3564","3604","3532","3582","3603","3689","3552",
"중구","20~24세","계","","9260","9270","9390","9379","9363","9263","9392","9405","9421","9385","9481","9600","9513","9514","9632","9432","9554","9693","9658","9842","9823","9811","9906","9817","9784","9688","9572","9510","9180","9061","9028","9114","8922","8920","8947","9047","8701","8716","8674","8736","8285","8380","8214","8309","7926","7780","7679","7661","7550",
"중구","25~29세","계","","10806","10843","10792","10711","10686","10640","10641","10599","10615","10652","10773","10797","10812","10890","11057","11294","11318","11463","11518","11591","11784","11975","12128","12105","12268","12121","12061","12167","12306","12333","12282","12329","12279","12399","12333","12365","12703","12762","12609","12677","12795","12619","12418","12314","12263","12167","12001","11782","11631",
"중구","30~34세","계","","12718","12521","12291","12125","12082","11884","11795","11682","11609","11422","11402","11284","11069","10879","11005","10933","11008","11046","11055","11116","11074","11166","11178","11237","11229","11193","11178","11097","11015","11130","11272","11352","11546","11650","11708","11790","12060","12381","12563","12622","12826","12913","13085","13055","12982","12941","12801","12832","12858",
"중구","35~39세","계","","10819","10699","10607","10544","10562","10541","10533","10565","10635","10745","10837","10827","10794","10846","11048","11129","11275","11318","11370","11435","11445","11389","11414","11281","11104","11103","10950","10843","10698","10628","10520","10386","10194","10177","10104","10046","10060","10142","10195","10231","10370","10447","10487","10551","10524","10404","10410","10373","10383",
"중구","40~44세","계","","11886","11822","11684","11593","11524","11389","11113","10918","10692","10543","10383","10194","10000","9825","9853","9819","9683","9578","9530","9473","9403","9394","9363","9391","9430","9403","9431","9391","9448","9522","9522","9474","9553","9636","9576","9528","9731","9799","9807","9828","9864","9815","9739","9602","9541","9502","9384","9301","9304",
"중구","45~49세","계","","11124","11154","11189","11074","11079","11014","11003","10994","11086","11138","11220","11310","11176","11182","11273","11296","11261","11237","11019","10902","10804","10780","10637","10531","10477","10376","10169","9920","9665","9493","9280","9183","9047","8906","8687","8586","8552","8518","8455","8302","8245","8210","8263","8238","8232","8160","8254","8261","8308",
"중구","50~54세","계","","12100","12109","12088","12037","11918","11749","11585","11417","11337","11185","11042","10948","10800","10764","10815","10811","10818","10789","10816","10879","10913","10949","11087","10959","10993","11032","11012","10979","10938","10882","10964","10985","10900","10896","10748","10678","10655","10655","10463","10365","10266","10221","10037","9895","9742","9598","9444","9218","9056",
"중구","55~59세","계","","11426","11527","11579","11664","11551","11577","11698","11788","11809","11834","11893","11861","11812","11708","11696","11779","11952","12008","11903","11800","11739","11680","11636","11589","11590","11463","11327","11141","10922","10677","10516","10382","10274","10278","10127","10023","9993","9953","9942","9962","10044","10015","10051","9971","9948","9905","9870","9836","9902",
"중구","60~64세","계","","7849","7891","7911","8004","8359","8405","8457","8486","8810","8954","9075","9183","9311","9175","9320","9515","9777","9806","9878","10053","10284","10273","10281","10324","10311","10349","10395","10431","10546","10461","10403","10406","10432","10349","10235","10251","10360","10422","10291","10152","10130","10088","10041","9942","9913","9738","9571","9428","9344",
"중구","65~69세","계","","6399","6359","6455","6491","6522","6516","6513","6580","6623","6554","6524","6497","6536","6610","6672","6674","6709","6704","6713","6750","6873","7002","7047","7187","7456","7516","7579","7669","7887","7866","8042","8205","8278","8281","8260","8401","8538","8566","8655","8781","8971","9020","9080","9075","8983","9002","9055","9107","9207",
"중구","70~74세","계","","5632","5666","5631","5619","5614","5640","5620","5532","5465","5432","5400","5369","5343","5324","5339","5341","5396","5465","5457","5468","5521","5570","5691","5728","5807","5836","5897","5988","5992","5772","5752","5709","5775","5865","5843","5809","5841","5865","5875","5874","5931","6000","6027","6133","6385","6453","6534","6614","6816",
"중구","75~79세","계","","3728","3757","3826","3866","3916","3908","3930","3935","3958","4007","4087","4161","4249","4366","4494","4576","4643","4689","4688","4682","4741","4778","4776","4756","4793","4890","4886","4858","4822","4675","4647","4634","4647","4646","4578","4587","4591","4702","4724","4754","4774","4801","4865","4865","4913","4930","4952","5000","5018",
"중구","80~84세","계","","2100","2112","2130","2154","2224","2256","2267","2325","2420","2447","2497","2521","2560","2582","2624","2635","2684","2691","2764","2793","2898","2954","3020","3061","3137","3157","3197","3202","3226","3158","3243","3308","3400","3491","3544","3617","3693","3710","3699","3693","3749","3791","3778","3778","3785","3778","3770","3738","3703",
"중구","85~89세","계","","1026","1031","1066","1096","1111","1111","1155","1181","1204","1216","1245","1266","1275","1300","1306","1321","1362","1376","1389","1414","1454","1484","1495","1518","1548","1574","1607","1668","1747","1646","1663","1693","1762","1783","1757","1784","1811","1816","1879","1908","1948","1968","2007","2045","2096","2110","2110","2127","2185",
"중구","90~94세","계","","434","439","438","456","459","460","455","447","459","471","473","474","489","471","488","508","517","518","532","535","556","580","608","632","656","664","690","700","706","653","662","670","687","689","674","670","687","688","695","709","722","726","732","735","764","779","792","804","830",
"중구","95~99세","계","","139","151","155","148","152","155","160","162","156","152","154","158","152","160","165","163","177","184","184","184","198","194","198","206","201","200","208","205","198","151","155","147","161","155","152","157","163","169","182","172","177","182","195","198","199","202","206","209","213",
"중구","100세 이상","계","","123","125","127","130","134","137","139","140","146","155","158","160","160","161","161","166","167","171","175","179","180","187","190","187","196","198","201","205","189","59","61","26","32","38","33","30","29","30","28","29","30","28","28","24","23","23","23","24","24",
"용산구","합계","계","","251651","250922","249930","249914","250003","249517","248859","247909","247297","246934","246317","245102","244203","243406","243922","244444","245411","245245","245087","245090","245139","245069","244989","245185","246165","245362","244953","244645","243336","240665","238300","237285","236518","236632","233734","233284","232482","232069","230692","227106","223433","219451","218370","217194","216537","216214","215716","214984","213708",
"용산구","0~4세","계","","9783","9829","9793","9715","9570","9631","9597","9572","9270","9195","9085","9011","8656","8503","8385","8252","8007","7996","7900","7839","7578","7555","7466","7504","7290","7143","6997","6897","6653","6578","6409","6364","6113","6065","6019","6019","5784","5727","5670","5605","5327","5248","5268","5230","5110","5099","5112","5125","5077",
"용산구","5~9세","계","","9410","9271","9135","9094","8962","8950","8952","8919","8868","8871","8885","8802","8703","8704","8703","8562","8526","8490","8395","8333","8239","8263","8253","8133","8141","8122","8071","7981","7938","7860","7802","7664","7554","7507","7426","7252","7102","7015","6920","6736","6536","6459","6288","6221","6093","6003","5924","5824","5672",
"용산구","10~14세","계","","10188","10032","9887","9744","9609","9440","9307","9078","8971","8801","8702","8604","8542","8466","8426","8426","8311","8214","8178","8097","8117","8053","7973","7889","7861","7810","7801","7775","7764","7699","7628","7601","7587","7552","7528","7421","7382","7327","7219","7034","6959","6911","6900","6820","6836","6848","6753","6677","6725",
"용산구","15~19세","계","","12494","12359","12230","12054","11955","11827","11719","11644","11554","11451","11324","11212","11075","10871","10757","10651","10548","10408","10244","10161","9970","9804","9720","9626","9443","9209","9094","8851","8697","8500","8317","8218","8228","8159","8058","8056","8069","8014","7880","7757","7667","7434","7346","7293","7242","7220","7220","7223","7257",
"용산구","20~24세","계","","15111","15236","15382","15322","15371","15427","15499","15443","15415","15371","15408","15281","15163","14986","15179","15042","15124","15005","15124","15347","15373","15226","15257","15253","15219","14930","14734","14684","14540","14483","14192","14147","13891","13877","13678","13547","13278","13053","12884","12618","12169","11854","11592","11504","11192","11042","10987","10834","10535",
"용산구","25~29세","계","","18645","18620","18483","18528","18315","18405","18405","18361","18120","18286","18352","18467","18506","18690","19142","19675","19887","20097","20296","20399","20386","20598","20779","21037","21192","21265","21173","21248","21419","21347","21086","20868","20593","20768","20752","20648","20398","20387","20227","19875","19182","18784","18595","18342","18154","17979","17887","17733","17329",
"용산구","30~34세","계","","24392","24308","23910","23628","23301","22897","22519","22198","21933","21638","21314","21088","20706","20586","20578","20632","20771","20790","20761","20700","20462","20462","20573","20748","20900","21007","20952","20950","21283","21374","21296","21403","21551","21820","22073","22474","22428","22663","22656","22423","22208","22020","22111","22145","21997","22159","22320","22282","21920",
"용산구","35~39세","계","","21327","20992","20891","20867","21027","20963","20948","20937","21065","21198","21222","21061","21162","21189","21422","21486","21651","21833","21840","21848","21876","21902","21607","21507","21550","21347","21117","20959","20815","20511","20186","19988","19697","19643","19394","19168","18991","18973","18790","18502","18078","17828","17874","17865","17883","17974","17997","17988","18020",
"용산구","40~44세","계","","24066","23744","23427","23210","23139","22816","22429","22070","21820","21420","20969","20716","20311","19918","19577","19459","19344","19094","18879","18534","18500","18354","18340","18287","18474","18458","18585","18636","18671","18636","18524","18464","18657","18769","18747","18662","18625","18691","18630","18391","18192","17900","17608","17345","17171","17104","16870","16804","16694",
"용산구","45~49세","계","","20488","20588","20614","20809","20970","20993","21083","21162","21345","21577","21824","21833","21891","21961","22007","22058","22006","21991","21740","21672","21589","21408","21238","21037","20946","20667","20349","20045","19644","19085","18501","18232","17850","17521","17038","16873","16764","16482","16196","15748","15533","15126","15015","14897","15074","15040","15135","15162","15136",
"용산구","50~54세","계","","20518","20493","20376","20304","20165","20153","19999","19842","19541","19273","19152","18974","18884","18759","18647","18685","18856","18721","18818","19035","19270","19405","19490","19598","19832","19872","20098","20227","20345","20304","20421","20467","20507","20583","20322","20230","20056","19996","19635","19218","18744","18318","18071","17848","17642","17421","17069","16821","16515",
"용산구","55~59세","계","","18214","18382","18389","18678","18797","18890","19026","19067","19131","19185","19130","19059","19142","19099","18997","19099","19310","19404","19413","19244","19237","19162","19081","18966","18994","18920","18834","18813","18544","18158","17828","17652","17533","17510","17143","17050","17139","16970","17051","16882","16855","16628","16631","16577","16677","16694","16690","16747","16915",
"용산구","60~64세","계","","12658","12702","12782","13065","13463","13661","13770","13901","14352","14678","14952","15079","15231","15163","15375","15535","15832","15871","16056","16241","16493","16618","16681","16809","16884","16962","17153","17332","17448","17246","17204","17147","17296","17243","16772","16847","16988","17054","16962","16570","16312","15920","15821","15700","15610","15548","15410","15294","15093",
"용산구","65~69세","계","","10863","10771","10880","10968","11164","11099","11116","11223","11278","11155","10979","10886","10919","11027","11033","10990","11027","11031","10975","11019","11123","11213","11276","11413","11771","11900","12078","12245","12336","12376","12545","12772","12919","12957","12908","13093","13330","13420","13513","13488","13471","13279","13335","13504","13593","13600","13678","13723","13827",
"용산구","70~74세","계","","9713","9715","9685","9637","9643","9699","9692","9521","9413","9342","9352","9179","9165","9062","9043","9014","8999","9014","9089","9120","9159","9166","9273","9306","9436","9435","9445","9547","9450","9151","8990","8916","8993","9081","8834","8778","8805","8860","8876","8782","8796","8645","8714","8779","9047","9203","9338","9440","9636",
"용산구","75~79세","계","","7016","7020","7077","7122","7207","7219","7232","7268","7302","7406","7489","7515","7675","7801","7902","8005","8103","8068","8034","8032","8021","8052","8028","7979","7944","7949","7993","7842","7605","7388","7356","7255","7208","7145","6947","6935","6939","7009","7075","7042","6996","6838","6900","6881","6941","6942","6926","6995","7009",
"용산구","80~84세","계","","3673","3725","3795","3897","3998","4056","4096","4198","4360","4467","4493","4570","4655","4731","4809","4895","5057","5115","5179","5232","5384","5430","5475","5533","5600","5610","5627","5666","5625","5528","5571","5632","5732","5786","5703","5776","5790","5765","5760","5672","5571","5489","5480","5405","5362","5398","5408","5297","5257",
"용산구","85~89세","계","","1886","1938","1967","1997","2020","2052","2105","2115","2121","2157","2210","2263","2293","2343","2373","2395","2407","2436","2472","2525","2574","2572","2629","2673","2744","2801","2860","2939","3012","2966","2957","2997","3068","3091","3014","3080","3197","3228","3272","3284","3308","3272","3291","3311","3358","3372","3372","3372","3401",
"용산구","90~94세","계","","747","733","751","772","806","817","833","852","889","905","905","921","942","950","954","957","978","968","995","1005","1050","1089","1106","1129","1155","1169","1194","1197","1105","1076","1096","1143","1170","1185","1098","1097","1120","1127","1154","1152","1167","1150","1177","1189","1211","1220","1259","1293","1329",
"용산구","95~99세","계","","218","222","228","241","244","240","246","247","250","250","258","264","269","289","306","312","348","371","361","368","397","387","396","403","424","421","429","438","329","306","294","282","293","292","237","237","245","247","260","267","297","286","293","282","286","292","306","295","303",
"용산구","100세 이상","계","","241","242","248","262","277","282","286","291","299","308","312","317","313","308","307","314","319","328","338","339","341","350","348","355","365","365","369","373","113","93","97","73","78","78","43","41","52","61","62","60","65","62","60","56","58","56","55","55","58",
"성동구","합계","계","","306597","306692","305752","303891","303777","305969","306384","305065","304565","305525","305506","307161","311244","311831","312933","312711","314551","316068","317197","316463","314608","312991","311290","308979","307193","304851","302695","300505","298421","295767","294140","292672","291609","290664","288941","288234","287240","286564","285543","284766","284258","283853","282385","281289","281062","280683","282288","282714","283018",
"성동구","0~4세","계","","12499","12613","12519","12476","12360","12620","12734","12688","12505","12588","12581","12703","12801","12802","12747","12661","12587","12557","12530","12345","11957","11767","11538","11370","10912","10677","10399","10197","9899","9797","9511","9305","9126","9055","8872","8752","8482","8278","8139","7972","7811","7792","7727","7669","7621","7652","7750","7900","7971",
"성동구","5~9세","계","","11580","11448","11314","11142","11016","11119","11106","11109","11051","11098","11100","11206","11255","11227","11195","11113","11083","11143","11185","11081","10926","11018","11025","10928","10742","10716","10689","10503","10281","10275","10236","10155","9981","9879","9781","9695","9486","9372","9252","9135","8917","8838","8662","8494","8265","8104","8043","7976","7860",
"성동구","10~14세","계","","12678","12455","12226","11941","11567","11407","11157","10863","10639","10569","10421","10354","10342","10371","10334","10355","10360","10414","10327","10222","10047","9940","9846","9645","9501","9451","9307","9180","9139","9130","9082","9065","9049","8956","8901","8739","8680","8611","8522","8410","8343","8419","8392","8309","8317","8355","8387","8293","8178",
"성동구","15~19세","계","","16056","15884","15731","15586","15593","15599","15477","15286","15065","14968","14700","14511","14515","14256","14120","13870","13761","13518","13342","13137","13099","12771","12519","12316","12015","11698","11388","10996","10693","10467","10268","10109","10202","10163","10048","10155","10237","10178","10022","9906","9859","9683","9519","9546","9541","9454","9537","9513","9493",
"성동구","20~24세","계","","21820","21974","22263","22051","22111","22230","22543","22429","22313","22300","22485","22458","22784","22813","23197","22749","22927","22951","23084","23163","23053","22766","22763","22455","22295","21926","21503","21368","20920","20758","20392","20309","20070","19981","19943","19876","19523","19331","19128","19102","18941","18605","18209","18253","17748","17472","17724","17322","17132",
"성동구","25~29세","계","","24230","24249","24095","23984","23844","24123","24102","23964","24034","24289","24254","24559","25227","25595","25837","26099","26347","26589","26839","26888","26886","26975","26886","26763","26804","26578","26538","26519","26457","26416","26290","26065","25802","25776","25778","25669","25633","25681","25596","25407","25208","24979","24652","24341","24415","24330","24547","24471","24471",
"성동구","30~34세","계","","29292","28989","28594","27795","27585","27612","27322","26915","26445","26389","26291","26365","26580","26431","26284","26026","26052","26152","26222","26102","25727","25523","25336","25183","24953","24872","24627","24371","24162","24113","23977","23908","23854","23920","23860","24053","24005","24321","24544","24660","24872","25205","25442","25524","25591","25776","26165","26546","26506",
"성동구","35~39세","계","","25761","25600","25467","25405","25253","25539","25747","25699","25712","26079","26264","26537","27250","27508","27738","27863","28172","28535","28685","28711","28295","27941","27629","27121","26684","26339","26038","25765","25317","24814","24422","24086","23745","23413","23100","22830","22552","22452","22240","22239","22152","22278","22178","22172","22277","22483","22901","23114","23342",
"성동구","40~44세","계","","28233","28237","27819","27561","27322","27176","26781","26311","25809","25476","25027","25032","25003","24761","24589","24488","24223","24051","23928","23476","23294","23092","22888","22796","22612","22453","22467","22406","22352","22362","22473","22412","22472","22566","22568","22477","22503","22512","22615","22558","22404","22242","22125","21850","21658","21503","21463","21461","21382",
"성동구","45~49세","계","","24819","24865","24852","24838","24944","25268","25401","25268","25594","25880","26119","26266","26699","26763","26839","26796","26892","27143","26889","26817","26377","26209","25789","25348","24971","24470","23968","23441","23010","22407","21930","21684","21338","21015","20640","20465","20140","19765","19386","19071","18983","18898","18690","18646","18685","18679","18786","18885","18930",
"성동구","50~54세","계","","25955","26060","26003","25662","25533","25485","25396","25234","24999","24690","24429","24506","24535","24588","24581","24345","24594","24603","24929","25169","25162","25059","24931","24810","24827","24791","24664","24421","24527","24489","24663","24604","24566","24458","24335","24221","24109","24041","23635","23558","23369","23212","22822","22503","22319","22022","21692","21453","21200",
"성동구","55~59세","계","","22622","22845","22969","23259","23340","23742","23925","24177","24469","24839","24917","24979","25401","25394","25389","25594","25808","26082","26070","25698","25448","25296","25203","24905","24687","24306","23999","23842","23544","22986","22625","22491","22218","22101","21851","21574","21634","21490","21545","21719","21832","21836","21883","21764","21842","21870","21986","21978","22213",
"성동구","60~64세","계","","15189","15388","15453","15507","16147","16440","16785","16958","17371","17621","17987","18423","18855","18842","19181","19479","19993","20159","20586","20887","21261","21264","21275","21392","21462","21569","21736","21893","22152","22162","22218","22099","22290","22229","21917","22008","22018","22018","21931","21567","21469","21332","21259","20973","20876","20571","20411","20358","20096",
"성동구","65~69세","계","","12405","12423","12529","12639","12804","12911","12977","13128","13275","13211","13051","13006","13131","13279","13364","13397","13476","13593","13680","13756","13845","13992","14040","14118","14589","14677","14876","14994","15332","15325","15699","15988","16161","16195","16369","16592","16791","16823","17122","17347","17637","17740","17792","17980","17987","18174","18358","18566","18813",
"성동구","70~74세","계","","10705","10754","10735","10685","10734","10870","10854","10680","10619","10582","10710","10764","10892","10882","10913","10895","10954","11010","11117","11127","11119","11106","11204","11307","11369","11381","11415","11569","11681","11450","11277","11193","11227","11282","11249","11217","11271","11338","11318","11410","11516","11661","11755","11814","12228","12378","12590","12729","13071",
"성동구","75~79세","계","","6765","6837","6975","7047","7176","7244","7330","7486","7591","7782","7860","7997","8274","8457","8667","8828","8984","9068","9139","9073","9082","9171","9169","9155","9178","9244","9254","9065","9019","8836","8949","8973","9030","9012","8949","8920","8928","8948","9005","9073","9139","9187","9246","9362","9461","9466","9460","9644","9737",
"성동구","80~84세","계","","3390","3432","3534","3630","3691","3780","3896","3979","4144","4213","4340","4458","4588","4692","4762","4907","5024","5111","5206","5307","5431","5444","5531","5567","5695","5715","5784","5878","5905","5971","6018","6080","6243","6387","6528","6642","6746","6837","6899","6899","6942","7006","7016","7008","6979","7067","7070","6999","6980",
"성동구","85~89세","계","","1612","1633","1665","1664","1736","1763","1776","1820","1867","1884","1905","1947","1997","2038","2053","2098","2137","2187","2217","2239","2307","2335","2383","2458","2518","2594","2613","2654","2786","2799","2876","2933","3003","3036","3050","3132","3234","3290","3361","3429","3512","3545","3604","3638","3755","3790","3846","3892","3954",
"성동구","90~94세","계","","635","650","649","653","649","669","697","685","666","666","664","680","690","699","704","698","728","722","745","790","803","824","847","869","896","911","932","935","921","929","951","965","965","971","954","966","1002","1007","1013","1038","1079","1121","1131","1158","1196","1229","1259","1300","1368",
"성동구","95~99세","계","","201","203","200","202","203","202","207","208","213","217","210","211","220","226","227","232","226","253","245","243","254","259","252","236","242","239","251","254","220","197","199","197","211","211","203","201","216","221","220","217","228","230","241","246","262","268","275","281","286",
"성동구","100세 이상","계","","150","153","160","164","169","170","171","178","184","184","191","199","205","207","212","218","223","227","232","232","235","239","236","237","241","244","247","254","104","84","84","51","56","58","45","50","50","50","50","49","45","44","40","39","39","40","38","33","35",
"광진구","합계","계","","381017","380146","379408","377375","377204","376620","375951","375180","374798","374053","373680","372104","372164","371728","372414","372298","371671","370519","369999","371063","370658","369470","368337","366972","365990","363925","361923","360109","356191","355306","353380","352627","353110","352796","351073","351252","350925","350820","351959","351180","350925","350005","349307","348652","348660","350164","349963","349117","348806",
"광진구","0~4세","계","","13911","13902","13881","13800","13707","13735","13570","13483","13325","13298","13234","13107","12912","12766","12592","12351","12046","11756","11547","11578","11161","10839","10544","10307","9816","9435","9059","8719","8267","8104","7869","7661","7443","7305","7156","7052","6863","6713","6670","6586","6361","6291","6179","6122","6019","6143","6097","6139","6132",
"광진구","5~9세","계","","13342","13218","13080","12957","12880","12874","12934","12997","12960","12950","12895","12741","12757","12701","12647","12577","12444","12442","12361","12357","12333","12247","12212","12122","11973","11905","11707","11536","11258","11111","10888","10714","10623","10401","10203","9992","9815","9610","9430","9235","9015","8864","8684","8553","8366","8252","8061","7906","7719",
"광진구","10~14세","계","","16451","16090","15911","15655","15239","14861","14534","14107","13878","13708","13550","13407","13326","13225","13296","13387","13326","13160","13068","12966","12861","12756","12608","12482","12391","12357","12388","12429","12333","12265","12215","12070","12025","11930","11838","11717","11594","11572","11574","11500","11437","11367","11328","11205","11106","11148","11077","11029","10991",
"광진구","15~19세","계","","22474","22193","22081","21835","21483","21300","21132","21061","20505","20205","20074","19709","19094","18828","18611","18322","17628","17382","17292","17274","16701","16419","16465","16225","15371","14948","14581","14278","13658","13519","13309","13318","13188","13200","13293","13653","13466","13394","13525","13571","13140","13057","13006","13132","12800","12924","13258","13469","12948",
"광진구","20~24세","계","","29272","29377","29790","29429","29599","29645","29969","29994","30123","30211","30410","30188","30550","30385","30655","30249","30183","30008","30116","30131","30430","30234","30134","29842","30051","29636","29434","29342","28845","28553","28187","28026","27789","28001","27653","27763","27432","27383","27586","27173","27053","26691","26614","26674","25994","25887","26034","25420","25554",
"광진구","25~29세","계","","35034","34895","34505","34374","34467","34432","34104","33809","33959","34065","34141","34205","34399","34753","35090","35398","35649","36078","36260","36505","36799","37093","37317","37545","37992","37973","38139","38579","38576","38835","38645","38693","38960","38899","38664","38607","38876","38875","39007","38882","39199","39051","38738","38436","38950","39090","38914","38482","38477",
"광진구","30~34세","계","","38423","38048","37545","36882","36567","36313","35904","35633","35203","34672","34115","33629","33244","32888","32718","32573","32267","31788","31532","31541","31377","31246","31020","31069","31060","30976","30703","30414","30383","30396","30446","30680","31062","31298","31549","31972","32258","32750","32977","32976","33132","33426","33559","33529","33901","34369","34483","34774","34861",
"광진구","35~39세","계","","30258","29779","29868","29742","29924","29812","29902","29917","30150","30301","30491","30401","30607","30827","31006","30951","31145","31174","31070","31339","31004","30674","30129","29529","29048","28655","28141","27819","27297","26915","26458","26130","25860","25531","25162","24930","24721","24466","24521","24398","24241","24172","24134","24237","24448","24805","24664","24592","24617",
"광진구","40~44세","계","","33631","33443","33008","32695","32414","31970","31494","31168","30627","30154","29585","29233","28921","28497","28228","28211","27823","27167","26866","26618","26504","26234","26173","26106","25971","25810","25735","25562","25419","25493","25541","25488","25685","25815","25713","25443","25537","25670","25696","25663","25480","25191","24932","24605","24357","24357","24122","24036","23827",
"광진구","45~49세","계","","31814","31926","31969","31807","31589","31823","32032","31993","31971","32111","32353","32350","32142","32192","32216","32203","31897","31945","31539","31484","31132","30919","30524","30161","29841","29372","28823","28354","27687","27104","26551","26238","25903","25569","25191","25031","24651","24186","24117","23783","23674","23394","23400","23386","23350","23393","23463","23522","23535",
"광진구","50~54세","계","","32630","32629","32373","32034","31627","31349","31116","30997","30683","30182","29994","29851","29597","29552","29382","29380","29272","29051","29267","29663","29614","29686","29649","29571","29394","29453","29474","29224","29035","29183","29269","29296","29166","29227","29110","28987","28636","28701","28481","28362","28134","27960","27637","27305","27013","26735","26317","25977","25515",
"광진구","55~59세","계","","27759","28104","28374","28644","28800","29075","29265","29430","29726","30042","30080","30052","30167","30106","30037","30173","30458","30537","30333","30049","29952","29781","29449","29113","28850","28471","28200","27775","27306","26948","26705","26680","26696","26591","26280","26158","26074","25876","26175","26584","26592","26620","26674","26623","26573","26762","26772","26718","26741",
"광진구","60~64세","계","","17943","18078","18237","18547","19439","19673","19960","20223","20924","21164","21515","21790","22234","22132","22357","22570","23063","23225","23546","23939","24502","24569","24766","24998","25243","25477","25492","25518","25757","26065","26019","25910","26106","26020","25856","25876","26148","26206","26027","25648","25699","25614","25404","25102","25003","24674","24461","24270","24134",
"광진구","65~69세","계","","14106","14127","14253","14267","14405","14394","14470","14703","14798","14802","14597","14486","14690","14924","15145","15181","15252","15288","15301","15380","15573","15751","15924","16207","16811","17042","17409","17703","18006","18245","18604","18905","19223","19177","19264","19565","19868","20051","20419","20728","21124","21275","21510","21774","21925","22239","22354","22447","22745",
"광진구","70~74세","계","","10952","11086","11142","11051","11113","11231","11230","11123","11131","11154","11313","11323","11384","11530","11612","11602","11691","11829","11999","12100","12246","12265","12410","12485","12661","12646","12741","12896","12724","12770","12582","12517","12674","12876","13013","13086","13157","13253","13307","13377","13585","13718","13875","14172","14680","14966","15253","15542","15967",
"광진구","75~79세","계","","6825","6977","7028","7217","7344","7430","7474","7544","7692","7807","8002","8139","8404","8548","8803","8995","9153","9194","9222","9292","9333","9487","9544","9514","9571","9702","9695","9593","9406","9364","9490","9487","9567","9644","9683","9725","9828","9980","10167","10303","10439","10459","10620","10678","10832","10864","10992","11180","11231",
"광진구","80~84세","계","","3506","3532","3570","3598","3749","3831","3935","4017","4120","4191","4259","4365","4515","4617","4672","4794","4946","5031","5146","5251","5431","5532","5611","5782","5907","5990","6021","6118","6164","6284","6385","6515","6703","6809","6964","7125","7282","7318","7332","7374","7407","7549","7615","7568","7646","7787","7763","7649","7651",
"광진구","85~89세","계","","1669","1708","1747","1801","1825","1836","1869","1925","1939","1960","1988","2032","2095","2105","2154","2184","2189","2232","2279","2320","2374","2383","2458","2502","2596","2608","2698","2752","2814","2882","2915","3000","3100","3143","3133","3223","3368","3432","3516","3576","3699","3755","3800","3921","3995","4030","4086","4120","4250",
"광진구","90~94세","계","","709","715","721","709","695","696","703","692","703","691","700","693","712","735","767","767","787","775","801","826","865","890","924","936","955","977","977","991","941","955","978","1004","1039","1052","1052","1051","1052","1079","1117","1138","1178","1214","1248","1273","1347","1368","1423","1472","1548",
"광진구","95~99세","계","","167","180","181","185","191","190","197","209","213","216","213","229","237","242","250","253","275","273","268","260","273","269","273","271","282","280","284","288","243","243","250","244","241","251","249","252","256","261","272","278","282","284","297","308","304","321","322","328","317",
"광진구","100세 이상","계","","141","139","144","146","147","150","157","155","168","169","171","174","177","175","176","177","177","184","186","190","193","196","203","205","206","212","222","219","72","72","74","51","57","57","47","44","43","44","43","45","54","53","53","49","51","50","47","45","46",
"동대문구","합계","계","","375709","374664","375232","376319","376329","375254","374823","373824","373657","372214","371253","370312","369496","368050","367769","366011","364962","364527","366101","364338","363262","363101","363779","363023","362793","360380","358679","357014","352570","352259","351626","352006","352592","352743","353181","353601","354884","355667","359113","359873","360211","360066","359219","358603","361950","361871","364828","366923","371954",
"동대문구","0~4세","계","","13890","13784","13766","13944","13839","13805","13619","13487","13279","13172","13043","12805","12431","12229","11976","11776","11409","11322","11490","11347","11056","10976","10831","10735","10501","10226","9948","9720","9327","9155","8961","8854","8632","8501","8428","8316","8162","8138","8177","8143","7981","7902","7821","7703","7892","7981","8201","8425","8811",
"동대문구","5~9세","계","","13186","13151","13118","13105","12977","12958","12956","12943","12868","12887","12832","12689","12595","12579","12444","12329","12142","12171","12107","11970","11852","11862","11891","11805","11652","11660","11565","11422","11218","11147","11105","11049","10924","10840","10770","10649","10502","10428","10554","10506","10304","10184","10048","9852","9775","9588","9462","9429","9292",
"동대문구","10~14세","계","","15042","14843","14620","14507","14121","13829","13458","13120","12804","12592","12442","12316","12180","12057","12034","12034","11904","11808","11827","11641","11467","11411","11384","11312","11208","11176","11171","11153","11139","11119","11061","10993","10993","10988","10952","10919","10892","10883","10943","10897","10853","10847","10859","10781","10873","10922","10952","10896","10908",
"동대문구","15~19세","계","","19801","19571","19524","19477","19271","19231","19242","19328","18831","18840","18836","18909","18198","18012","17898","17530","16616","16520","16294","16258","15672","15583","15400","15206","14375","13971","13490","13154","12725","12548","12386","12527","12548","12409","12582","12812","12735","12662","12747","12891","12834","12763","12628","12851","12810","12827","13040","13349","13380",
"동대문구","20~24세","계","","28840","28956","29662","29686","29999","29999","30679","30629","31059","30897","31344","31339","31919","31501","32026","31449","32125","31890","32255","32448","32777","32654","33246","32766","32816","31953","31946","31905","31046","31217","31446","31718","31674","32054","32720","32800","32456","32378","32876","33135","32567","32716","32525","33127","32632","32346","32821","32536","32759",
"동대문구","25~29세","계","","31016","30753","30631","30487","30568","30545","30449","30188","30446","30403","30270","30380","30631","30756","30954","30960","31175","31300","31372","31210","31743","32025","32212","32363","33186","33063","33006","33057","33605","33825","33706","33747","34371","34467","34547","34603","35726","35920","36201","36037","36421","36271","35840","35505","36424","36167","36276","36085","36639",
"동대문구","30~34세","계","","33646","33154","32791","32616","32189","31619","30969","30587","30127","29542","28934","28435","27792","27300","26969","26567","26116","25888","26001","25802","25608","25602","25556","25634","25868","25825","25680","25668","25754","25775","25781","25993","26089","26276","26577","26702","27115","27461","28002","28220","28487","28713","28915","29132","29811","30128","30762","31449","32308",
"동대문구","35~39세","계","","29111","28904","28854","29157","29061","28872","28993","28961","28991","28933","28994","28841","28924","28914","28856","28547","28577","28677","29084","28992","28563","28460","28192","27823","27557","27255","26799","26421","25828","25538","25183","24943","24618","24401","24209","23906","23685","23632","23665","23646","23680","23657","23704","23583","24099","24248","24717","25199","26141",
"동대문구","40~44세","계","","32085","31984","31777","31629","31432","31129","30640","30235","29676","29176","28588","28333","27818","27476","26978","26851","26314","25976","26008","25519","25278","25117","25176","25194","24980","24853","24914","24799","24704","24786","24957","24975","25134","25270","25391","25344","25570","25641","26132","26337","26129","25944","25680","25297","25459","25242","25202","25261","25296",
"동대문구","45~49세","계","","29089","29150","29302","29306","29367","29457","29584","29597","29838","30025","30156","30148","30087","30152","30257","30122","29950","30034","29762","29438","29066","28874","28566","28382","28193","27811","27282","26816","26079","25626","25105","24924","24704","24337","23988","23987","23662","23423","23547","23334","23304","23110","23073","22921","23089","23103","23340","23519","24002",
"동대문구","50~54세","계","","30868","30789","30675","30620","30345","29952","29597","29358","29040","28380","28108","28133","28011","27919","27635","27436","27420","27237","27574","27730","27849","27832","27949","27816","27748","27730","27785","27660","27548","27641","27746","27729","27605","27653","27658","27638","27718","27940","27924","27884","27807","27557","27241","26957","27066","26845","26616","26490","26406",
"동대문구","55~59세","계","","28991","29043","29225","29687","29609","29813","29912","30121","30269","30589","30536","30349","30302","30024","29906","29941","29851","29856","29714","29134","28795","28630","28429","28220","27927","27500","27077","26762","26217","25777","25579","25604","25526","25440","25141","24985","25011","24872","25318","25636","25874","25942","26024","25875","26156","26270","26494","26640","27143",
"동대문구","60~64세","계","","20480","20765","20928","21183","21992","22226","22577","22780","23464","23638","23923","24175","24435","24315","24549","24751","25079","25173","25517","25684","25966","25997","26183","26417","26415","26540","26608","26681","26512","26843","26851","26739","26811","26680","26411","26472","26496","26632","26587","26177","26090","25957","25795","25437","25366","25109","24916","24866","24793",
"동대문구","65~69세","계","","17354","17239","17407","17590","17719","17664","17672","17899","17913","17887","17715","17598","17702","17918","17968","17998","17995","18101","18100","17987","18073","18378","18569","18766","19349","19575","19889","20102","20261","20523","20832","21153","21358","21327","21439","21726","21913","22094","22492","22807","23106","23265","23411","23645","23661","23837","24099","24354","24688",
"동대문구","70~74세","계","","14973","15061","15091","15003","15086","15194","15227","15000","14988","14887","14950","14894","14935","14897","14899","14805","14864","14868","15032","15070","15150","15005","15199","15406","15479","15383","15437","15656","15332","15303","15166","15070","15104","15317","15410","15486","15513","15596","15677","15686","15809","16089","16209","16373","16956","17161","17512","17787","18379",
"동대문구","75~79세","계","","9385","9461","9646","9852","9991","10126","10207","10327","10516","10668","10802","11029","11349","11678","11909","12158","12357","12418","12473","12490","12444","12575","12631","12590","12675","12787","12816","12591","12294","12220","12299","12275","12427","12403","12382","12342","12415","12467","12585","12738","12921","12838","12978","13079","13129","13137","13233","13396","13479",
"동대문구","80~84세","계","","4594","4649","4758","4930","5138","5202","5317","5488","5691","5811","5871","5938","6095","6183","6310","6470","6696","6808","6946","6986","7164","7276","7399","7476","7572","7697","7770","7868","7831","8007","8141","8286","8480","8761","8948","9156","9384","9479","9542","9569","9615","9727","9793","9696","9775","9882","9960","9878","9901",
"동대문구","85~89세","계","","2110","2156","2187","2253","2326","2325","2381","2412","2461","2495","2504","2582","2621","2640","2694","2729","2792","2847","2894","2950","3032","3104","3200","3308","3439","3482","3585","3680","3653","3698","3813","3884","4009","4023","4050","4180","4293","4337","4428","4537","4660","4756","4829","4860","4965","5051","5146","5207","5370",
"동대문구","90~94세","계","","855","851","862","870","862","848","861","870","882","878","886","889","924","961","956","995","1000","1019","1041","1070","1075","1100","1117","1144","1185","1216","1233","1224","1147","1158","1156","1205","1241","1254","1262","1263","1306","1349","1377","1351","1419","1459","1477","1557","1620","1621","1664","1736","1824",
"동대문구","95~99세","계","","201","202","204","208","221","241","255","266","283","282","282","288","306","297","307","317","325","357","353","353","373","375","377","384","378","375","371","362","275","273","267","269","277","274","261","260","274","279","280","285","295","311","315","322","341","350","357","370","381",
"동대문구","100세 이상","계","","192","198","204","209","216","219","228","228","231","232","237","242","241","242","244","246","255","257","257","259","259","265","272","276","290","302","307","313","75","80","85","69","67","68","55","55","56","56","59","57","55","58","54","50","51","56","58","51","54",
"중랑구","합계","계","","422930","422741","424054","423411","422825","422597","420151","418620","418341","418134","416887","415677","414503","414783","414554","412780","411552","410296","409058","408147","407211","405639","403776","402024","400678","399415","400989","399562","396807","394679","393149","391885","393600","393147","391110","390140","389928","389316","387940","387470","387433","386782","386131","385349","384320","383958","383737","383764","383570",
"중랑구","0~4세","계","","15997","15956","16210","16249","16170","16216","16014","15889","15719","15567","15429","15248","14923","14783","14544","14242","13874","13577","13257","13005","12630","12475","12143","11975","11462","11131","11083","10726","10272","10077","9802","9601","9649","9502","9394","9299","9149","9031","8870","8732","8517","8412","8312","8192","7969","7976","8020","8037","8004",
"중랑구","5~9세","계","","14771","14726","14688","14562","14501","14478","14368","14351","14352","14334","14208","14195","14149","14311","14267","14084","13885","13807","13681","13616","13494","13394","13279","13095","12935","12857","12894","12677","12461","12277","12195","12009","11962","11795","11560","11382","11264","11096","10907","10761","10481","10397","10132","10006","9680","9457","9247","8997","8654",
"중랑구","10~14세","계","","17682","17305","16991","16680","16119","15789","15413","14927","14539","14415","14289","14043","13890","13848","13830","13697","13517","13355","13305","13147","13002","12913","12783","12623","12539","12539","12497","12480","12412","12304","12209","12142","12107","12120","12046","11961","11875","11881","11699","11661","11591","11514","11539","11405","11353","11332","11338","11231","11145",
"중랑구","15~19세","계","","24532","24176","23890","23558","23220","23070","22657","22342","21960","21673","21249","20880","20311","19865","19447","19016","18566","18228","17929","17662","17278","16800","16497","16115","15612","15194","15005","14497","14064","13832","13679","13487","13382","13253","13188","13123","13072","12893","12738","12605","12569","12474","12384","12335","12236","12307","12287","12410","12353",
"중랑구","20~24세","계","","29400","29626","29924","29888","29857","29886","29760","29676","29672","29620","29394","29020","28675","28626","28356","27907","27579","27315","26978","26693","26368","25927","25487","25102","24853","24624","24507","24114","23758","23419","22971","22512","22416","22066","21720","21239","20963","20663","20370","20107","19854","19558","19347","19119","18777","18491","18261","18104","17948",
"중랑구","25~29세","계","","31268","31290","31264","31089","30659","30621","30279","30121","30095","30260","30351","30502","30775","30939","31257","31385","31555","31722","31752","31877","31997","32118","32322","32307","32346","32492","32822","33161","33290","33170","32969","32697","32827","32809","32491","32249","31926","31838","31513","31371","31145","30851","30492","30224","29944","29792","29406","29261","29182",
"중랑구","30~34세","계","","38168","37742","37655","37148","36678","36186","35454","34830","34318","33801","33384","32894","32277","31998","31635","31193","30723","30442","30196","30049","29693","29595","29280","29263","29196","29202","29508","29499","29458","29548","29708","30159","30851","31171","31417","31731","31958","32222","32361","32466","32571","32846","33179","33245","33243","33286","33464","33836","33856",
"중랑구","35~39세","계","","31623","31515","31759","31856","32161","32268","32388","32406","32555","32786","33049","33080","33238","33433","33563","33341","33516","33493","33393","33298","33004","32505","31955","31439","30879","30406","30294","29870","29274","28754","28419","28061","28064","27768","27506","27209","26953","26690","26581","26636","26610","26577","26405","26427","26287","26323","26379","26435","26544",
"중랑구","40~44세","계","","36380","36183","35708","35423","35065","34573","33970","33511","32911","32249","31452","31160","30726","30512","30201","29867","29296","28790","28516","27961","27809","27570","27618","27542","27554","27540","27919","27953","27822","27908","28156","28106","28514","28676","28624","28519","28776","28739","28619","28624","28519","28206","27894","27524","27015","26691","26416","26089","25745",
"중랑구","45~49세","계","","36223","36224","36343","36228","36068","36102","36027","35834","36062","36237","36344","36197","35869","35854","35813","35613","35307","35228","34655","34426","34013","33637","32981","32582","32106","31555","31146","30666","30008","29259","28503","28248","27949","27602","27124","26872","26475","26055","25672","25230","25110","25000","25065","25053","25190","25220","25461","25554","25530",
"중랑구","50~54세","계","","39231","39147","39109","38650","38403","38161","37580","37355","36815","36298","35914","35853","35705","35600","35198","34901","34860","34585","34851","35236","35312","35188","35217","34926","34797","34680","34890","34583","34519","34600","34666","34441","34189","34134","33923","33664","33322","33266","32620","32386","32057","31807","31272","31002","30655","30226","29768","29385","28856",
"중랑구","55~59세","계","","34461","34707","35189","35813","35884","36264","36546","36816","37360","37962","38045","37965","38103","38195","38296","38372","38478","38582","38197","37782","37777","37667","37339","36909","36576","36235","36014","35797","35121","34463","33995","33880","33735","33623","33114","32894","32867","32573","32826","33157","33346","33321","33357","33149","33134","33106","33132","33057","33148",
"중랑구","60~64세","계","","23259","23649","23873","24272","25222","25640","26088","26467","27296","27799","28285","28726","29088","28992","29472","29900","30404","30554","31077","31565","32045","32180","32426","32982","33059","33323","33752","34092","34507","34896","34969","34860","35104","35163","34891","35078","35212","35401","35215","34779","34813","34659","34505","34176","33932","33665","33361","33240","32846",
"중랑구","65~69세","계","","18510","18574","18959","19148","19429","19513","19634","19926","20150","20166","20042","20010","19992","20464","20703","20768","20859","21044","21119","21151","21417","21787","21941","22285","23167","23529","24031","24394","24895","25191","25656","26088","26441","26368","26712","27149","27688","27907","28351","28861","29376","29565","29879","30365","30485","30854","31162","31440","32005",
"중랑구","70~74세","계","","14730","14897","15064","15061","15143","15403","15358","15295","15219","15217","15376","15424","15649","15746","15794","15774","15909","16073","16326","16575","16782","16865","17147","17278","17553","17654","17797","18118","18087","17967","17837","17868","17960","18359","18408","18461","18602","18796","18874","18949","19192","19586","19825","20208","20969","21335","21807","22155","22834",
"중랑구","75~79세","계","","8945","9148","9356","9505","9662","9727","9804","9891","10122","10396","10567","10784","11205","11448","11834","12185","12437","12558","12696","12774","12859","13037","13131","13089","13125","13352","13468","13364","13227","13198","13310","13349","13538","13592","13599","13598","13715","13908","14119","14371","14538","14623","14887","15091","15309","15437","15563","15842","15992",
"중랑구","80~84세","계","","4473","4558","4660","4803","5005","5110","5181","5312","5435","5568","5681","5789","5966","6136","6216","6332","6525","6632","6749","6890","7131","7273","7413","7590","7787","7880","8021","8099","8233","8401","8582","8752","9139","9293","9526","9775","9975","10070","10196","10259","10352","10507","10618","10625","10667","10835","10897","10823","10838",
"중랑구","85~89세","계","","2125","2163","2238","2299","2364","2381","2402","2436","2507","2503","2527","2599","2613","2673","2747","2788","2803","2828","2866","2899","2987","3088","3160","3221","3397","3454","3543","3665","3675","3749","3833","3954","4086","4156","4156","4204","4354","4463","4524","4626","4832","4888","5011","5123","5303","5387","5473","5520","5674",
"중랑구","90~94세","계","","816","812","834","831","850","840","847","857","863","884","895","897","920","926","943","970","994","995","1022","1058","1114","1121","1149","1189","1206","1236","1258","1274","1297","1289","1312","1307","1312","1330","1359","1361","1394","1429","1471","1465","1540","1571","1599","1642","1739","1780","1814","1853","1920",
"중랑구","95~99세","계","","210","216","204","212","222","221","231","231","241","251","252","257","271","279","279","280","298","321","325","314","320","318","328","326","335","333","332","327","319","300","296","297","308","296","301","321","337","336","356","371","365","363","370","378","368","397","417","435","433",
"중랑구","100세 이상","계","","126","127","136","136","143","148","150","147","150","148","154","154","158","155","159","165","167","167","168","169","179","181","180","186","194","199","208","206","108","77","82","67","67","71","51","51","51","59","58","53","55","57","59","60","65","61","64","60","63",
"성북구","합계","계","","484786","482095","479810","475961","475900","473642","472309","469560","468699","467142","464505","461617","461260","459276","458261","455407","453902","451829","449574","447687","450021","452292","454114","454744","454532","452290","449871","447056","444295","443206","441717","440142","442680","443823","442596","441984","441855","441065","440089","438168","436901","436666","435492","435037","433569","437692","437922","437496","437287",
"성북구","0~4세","계","","19637","19329","19050","18782","18535","18516","18351","18115","17725","17511","17190","16856","16599","16300","15955","15633","15238","14973","14551","14236","14053","13980","13817","13848","13547","13208","12786","12400","12253","11982","11670","11424","11262","11174","10991","10791","10562","10368","10106","9940","9619","9515","9475","9398","9181","9436","9393","9466","9465",
"성북구","5~9세","계","","20376","20189","20011","19742","19616","19574","19513","19463","19403","19331","19094","18918","18734","18669","18529","18321","18028","17912","17608","17443","17426","17429","17436","17483","17286","17187","16974","16743","16802","16665","16481","16190","16154","15979","15716","15385","15113","14924","14645","14438","14081","13911","13666","13383","13018","12917","12626","12280","11988",
"성북구","10~14세","계","","22437","22198","21843","21473","21041","20743","20363","19923","19555","19367","19208","18993","18865","18832","18839","18836","18600","18487","18368","18158","17980","17933","17835","17664","17479","17443","17439","17432","17542","17539","17461","17352","17387","17396","17273","17141","16963","16936","16754","16618","16488","16467","16351","16257","16107","16163","16100","15965","15835",
"성북구","15~19세","계","","26849","26545","26443","26191","26060","26029","25898","25908","25619","25637","25388","25482","24841","24615","24523","24232","23517","23189","22982","23057","22768","22712","22663","22629","21976","21483","20886","20356","19862","19543","19414","19360","19704","19722","19843","20073","19968","19779","19701","19576","19454","19185","18916","19092","18882","19048","19237","19677","19398",
"성북구","20~24세","계","","35636","35640","36122","35727","36173","35723","36456","36329","36605","36444","36696","36312","37004","36470","36808","35952","36478","36062","36173","35906","36435","36620","37559","37032","37341","36515","36244","35905","35349","35248","34997","34899","35173","35379","35813","35788","36244","36008","36385","36085","35780","35909","35489","35800","35255","35418","35354","35135","35185",
"성북구","25~29세","계","","36348","35966","35639","35208","35364","35152","34885","34304","34250","34193","34009","33896","34089","34094","34146","34015","34118","34307","34271","34303","34839","35543","35847","36053","36683","36466","36495","36514","36365","36320","36090","35927","36009","36303","36258","36193","36289","36228","36187","35824","35810","35772","35541","35460","35623","36041","36030","36055","36032",
"성북구","30~34세","계","","41456","40791","39877","38849","38195","37641","36818","36154","35581","34828","33983","33154","32603","32044","31488","30891","30512","30073","29635","29124","29221","29334","29449","29692","29661","29751","29603","29293","29196","29401","29398","29603","29918","30187","30297","30421","30379","30545","30459","30430","30313","30552","30657","30653","30641","31141","31482","31693","31807",
"성북구","35~39세","계","","38811","37980","37570","37241","37201","36819","36659","36430","36150","36205","35908","35626","35646","35699","35562","35240","35093","35083","34788","34575","34470","34500","34167","34124","33587","33286","32685","32205","31982","31517","31063","30406","30181","29977","29524","29039","28573","28261","27905","27585","27379","27224","27207","27188","26970","27449","27488","27380","27386",
"성북구","40~44세","계","","45300","45086","44554","44115","43704","43264","42591","42066","41425","40550","39688","39017","38384","37752","37018","36585","35716","34859","34190","33499","33337","33061","32994","32990","32850","32607","32485","32388","32462","32619","32627","32516","32898","33154","33026","32835","32889","33030","32971","32866","32399","32093","31723","31251","30663","30964","30560","30258","29875",
"성북구","45~49세","계","","38337","38439","38594","38502","38750","38982","39230","39120","39610","40127","40509","40658","40829","40897","41236","41248","41209","41326","40826","40663","40690","40838","40633","40412","40009","39634","38888","38264","37616","36920","36156","35713","35455","34990","34395","34017","33418","32696","32109","31527","31309","31025","30875","30643","30637","30614","30658","30573","30492",
"성북구","50~54세","계","","38801","38497","38084","37580","37385","36879","36397","36025","35696","35117","34723","34622","34629","34584","34318","34139","34270","34103","34379","34853","35282","35660","36054","36275","36567","36768","37130","37110","37426","37766","38166","38210","38566","38860","39048","39172","39208","39420","39091","38938","38712","38541","38203","37933","37553","37602","37024","36471","36042",
"성북구","55~59세","계","","34948","35176","35169","35357","35296","35460","35712","35771","35973","36205","36074","35735","35786","35655","35205","35191","35122","35128","34872","34298","34614","34685","34549","34354","34146","33715","33243","32962","32419","31934","31655","31734","31937","32078","31756","31727","31898","31856","32240","32656","32951","33179","33387","33475","33701","34277","34741","34832","35248",
"성북구","60~64세","계","","24792","24943","24974","25128","25885","26021","26328","26671","27325","27728","28093","28333","28559","28310","28697","28873","29105","29195","29484","29790","30294","30656","30907","31338","31228","31405","31643","31714","31863","32184","32304","32099","32317","32367","31937","31927","31924","32042","31797","31271","31326","31328","31138","30936","30731","30626","30330","30174","29865",
"성북구","65~69세","계","","21115","20993","21190","21211","21402","21332","21315","21443","21596","21384","20971","20679","20775","21034","21104","21052","21228","21136","21108","21077","21264","21544","21722","21956","22638","22834","23168","23440","23728","24096","24602","24941","25193","25148","25368","25759","26122","26316","26659","27016","27287","27506","27758","28016","28001","28441","28731","28844","29114",
"성북구","70~74세","계","","18264","18400","18426","18290","18270","18307","18231","17938","17724","17645","17735","17665","17599","17556","17566","17386","17305","17382","17472","17598","17725","17752","18033","18156","18389","18498","18476","18599","18392","18200","17946","17830","18016","18256","18279","18327","18459","18481","18532","18559","18659","18860","18993","19171","19830","20248","20596","21022","21555",
"성북구","75~79세","계","","11603","11734","11974","12100","12255","12261","12399","12441","12704","12932","13155","13328","13711","13959","14320","14604","14803","14876","14902","14930","14928","15071","15142","15097","15140","15276","15263","15024","14681","14633","14746","14688","14714","14733","14724","14640","14706","14834","14961","15132","15258","15269","15526","15649","15852","16056","16112","16227","16344",
"성북구","80~84세","계","","5746","5823","5863","6007","6240","6374","6513","6723","6918","7037","7109","7304","7472","7633","7719","7847","8053","8166","8341","8479","8873","9023","9247","9397","9520","9582","9695","9758","9763","9934","10139","10349","10718","10968","11211","11450","11597","11716","11789","11814","11868","11969","12062","12023","12021","12177","12180","12036","11988",
"성북구","85~89세","계","","2699","2750","2803","2843","2891","2924","2986","3049","3129","3160","3214","3281","3317","3354","3392","3479","3577","3590","3584","3636","3716","3794","3851","3983","4156","4272","4357","4490","4542","4615","4689","4807","4924","5005","5038","5162","5344","5393","5530","5615","5868","5963","6073","6180","6316","6409","6515","6572","6712",
"성북구","90~94세","계","","1070","1052","1043","1037","1043","1034","1043","1059","1073","1092","1099","1100","1145","1128","1152","1197","1219","1246","1314","1329","1356","1403","1450","1497","1554","1587","1631","1658","1605","1632","1651","1676","1705","1685","1674","1713","1754","1754","1767","1778","1826","1866","1908","1981","2033","2099","2175","2237","2347",
"성북구","95~99세","계","","310","304","317","318","326","335","346","345","344","350","359","352","376","389","382","373","392","409","399","400","410","400","401","400","406","397","399","416","345","352","351","352","376","387","374","372","390","416","440","439","450","464","476","481","479","491","515","527","540",
"성북구","100세 이상","계","","251","260","264","260","268","272","275","283","294","299","300","306","297","302","302","313","319","327","327","333","340","354","358","364","369","376","381","385","102","106","111","66","73","75","51","52","55","62","61","61","64","68","68","67","75","75","75","72","69",
"강북구","합계","계","","340418","340167","339692","338410","337996","336981","335853","334426","333615","332737","332116","330704","330192","330004","329042","328002","327511","326063","324276","322915","321151","319377","317875","317695","316750","315395","313550","311569","307537","306093","304257","302563","300824","300246","298622","297702","296934","295773","294804","292977","291372","290252","289678","289374","288797","287523","286607","285900","285862",
"강북구","0~4세","계","","12471","12446","12377","12156","12030","11907","11653","11396","11223","11052","10784","10596","10344","10220","9955","9699","9401","9127","8877","8683","8339","8127","7891","7766","7480","7187","6993","6706","6378","6167","5940","5776","5579","5475","5276","5156","5059","4924","4786","4640","4447","4328","4291","4286","4150","4115","4079","4063","4111",
"강북구","5~9세","계","","11857","11874","11685","11549","11409","11401","11432","11394","11334","11294","11272","11170","11128","11118","11059","10886","10764","10655","10514","10390","10125","10038","9969","9801","9705","9647","9425","9169","8967","8892","8681","8522","8241","8139","7967","7782","7652","7457","7273","7102","6892","6736","6574","6443","6250","6043","5885","5691","5504",
"강북구","10~14세","계","","14522","14356","14148","13882","13448","13139","12831","12494","12181","12000","11835","11676","11553","11448","11366","11304","11177","11087","10920","10747","10633","10549","10386","10322","10245","10162","10137","10082","9965","9865","9846","9757","9629","9596","9483","9376","9279","9265","9189","9062","8924","8824","8769","8619","8570","8500","8292","8141","8051",
"강북구","15~19세","계","","19191","18951","18827","18515","18421","18314","18101","17876","17623","17360","17146","16780","16563","16272","15976","15622","15403","15149","14905","14666","14329","14060","13742","13476","13040","12715","12417","12057","11687","11525","11301","11145","11035","10927","10879","10897","10793","10640","10528","10434","10274","10204","10159","10267","10122","10110","10249","10416","10198",
"강북구","20~24세","계","","21992","22107","22337","22398","22475","22490","22687","22835","22795","22723","22583","22374","22411","22462","22385","22138","22175","22031","21972","21688","21435","21180","21034","20968","20901","20764","20479","20228","19892","19578","19384","19022","18920","18811","18831","18634","18446","18281","18263","18018","17837","17778","17737","17637","17489","17222","17131","16948","17025",
"강북구","25~29세","계","","22460","22367","22250","22117","21925","21787","21553","21437","21388","21515","21718","21916","22060","22399","22587","22863","22947","23151","23173","23249","23366","23377","23440","23504","23629","23595","23643","23779","23589","23498","23240","23046","22936","22974","22856","22757","22627","22535","22575","22262","22010","21722","21529","21367","21409","21367","21165","20952","20815",
"강북구","30~34세","계","","28792","28318","27765","27251","26702","26263","25675","25235","24728","24226","23743","23137","22537","22155","21767","21437","21154","20806","20436","20120","19827","19694","19414","19498","19278","19300","19147","19021","18836","18898","18976","19094","19071","19175","19320","19447","19493","19588","19583","19557","19569","19620","19676","19823","19873","19737","19786","19907","19904",
"강북구","35~39세","계","","26247","26001","25827","25617","25608","25467","25374","25180","25074","25199","25286","25076","25088","25148","25050","24736","24755","24510","24325","24164","23686","23172","22727","22375","21829","21380","20932","20565","20004","19608","19209","18808","18338","18079","17689","17293","17078","16818","16582","16329","16002","15916","15794","15705","15676","15598","15491","15455","15537",
"강북구","40~44세","계","","30369","30292","29978","29701","29413","29066","28580","28104","27714","27160","26486","26152","25760","25401","24974","24774","24243","23720","23199","22853","22558","22293","22064","21993","21943","21797","21621","21432","21208","21150","21066","20856","20670","20883","20786","20596","20543","20415","20337","20189","19826","19523","19288","18992","18557","18274","17928","17660","17352",
"강북구","45~49세","계","","27795","27891","28051","27984","28131","28169","28283","28166","28355","28563","28880","28973","29024","29061","29101","29044","28879","28960","28607","28337","28060","27796","27499","27478","27219","26798","26263","25788","25175","24606","23899","23544","23085","22674","22215","22005","21515","20988","20594","20213","19950","19658","19569","19493","19439","19314","19237","19202","19186",
"강북구","50~54세","계","","28957","28868","28756","28542","28455","28147","27899","27790","27473","26978","26708","26727","26640","26650","26461","26273","26465","26337","26417","26643","26814","26776","26778","26808","26847","26919","26875","26757","26720","26881","27099","27179","26986","27001","26947","26828","26618","26655","26324","26054","25834","25649","25441","25349","25145","24794","24399","24009","23713",
"강북구","55~59세","계","","26785","27097","27313","27540","27504","27744","27994","28187","28408","28832","29029","28866","28910","28884","28782","28864","28954","28894","28698","28378","28040","27863","27692","27489","27249","26973","26645","26457","25981","25401","25048","25046","24944","24876","24613","24460","24578","24370","24529","24715","24815","24853","24891","24863","24894","24912","24970","24950","25194",
"강북구","60~64세","계","","19807","19855","19987","20317","20944","21167","21473","21734","22296","22587","22936","23208","23361","23281","23501","23832","24192","24235","24492","24801","25081","25263","25431","25640","25725","25820","26022","26106","26242","26641","26654","26435","26429","26319","26105","26164","26197","26271","26122","25785","25626","25519","25317","25119","24854","24562","24303","24100","23859",
"강북구","65~69세","계","","17692","17726","17932","18057","18187","18095","18179","18401","18452","18351","18254","18224","18194","18384","18453","18428","18345","18341","18228","18223","18308","18291","18426","18748","19261","19517","19771","20006","20132","20405","20719","20953","21090","21030","21140","21446","21696","21832","22104","22325","22633","22834","23019","23252","23339","23453","23654","23883","24218",
"강북구","70~74세","계","","15177","15391","15459","15456","15530","15761","15740","15555","15410","15292","15371","15341","15452","15413","15425","15345","15328","15451","15624","15796","15929","15956","16088","16247","16329","16318","16409","16575","16436","16368","16270","16242","16229","16369","16349","16340","16303","16308","16283","16248","16314","16371","16519","16811","17264","17511","17755","18001","18396",
"강북구","75~79세","계","","8989","9180","9429","9588","9819","9980","10124","10191","10432","10672","10944","11110","11556","11920","12235","12535","12845","12939","13012","13091","13132","13276","13352","13379","13438","13668","13669","13553","13178","13129","13163","13106","13153","13134","13112","13075","13165","13297","13431","13568","13649","13714","13851","13975","14085","14054","14128","14328","14435",
"강북구","80~84세","계","","4251","4314","4379","4501","4655","4715","4840","4984","5182","5338","5477","5658","5826","5941","6082","6257","6440","6583","6736","6866","7148","7287","7482","7636","7833","7954","8065","8107","8195","8384","8568","8718","9013","9295","9543","9809","10030","10121","10189","10265","10307","10405","10514","10535","10613","10756","10786","10689","10580",
"강북구","85~89세","계","","1908","1960","2014","2049","2142","2152","2187","2223","2270","2312","2328","2377","2455","2509","2510","2562","2603","2647","2666","2718","2772","2793","2848","2929","3108","3168","3280","3417","3485","3620","3697","3797","3919","3934","3990","4112","4284","4399","4501","4554","4763","4847","4958","5032","5157","5267","5375","5429","5611",
"강북구","90~94세","계","","758","768","757","768","756","763","788","783","800","807","837","844","854","853","884","907","921","911","937","960","1019","1041","1061","1084","1120","1134","1165","1176","1139","1144","1161","1190","1228","1238","1212","1211","1255","1278","1263","1312","1330","1363","1382","1408","1500","1520","1572","1644","1738",
"강북구","95~99세","계","","200","200","215","212","226","234","234","233","245","243","259","257","257","270","271","278","296","304","314","311","321","315","315","318","331","333","345","337","279","283","282","280","282","267","264","270","277","276","293","295","326","349","353","351","364","365","377","387","387",
"강북구","100세 이상","계","","198","205","206","210","216","220","226","228","232","233","240","242","219","215","218","218","224","225","224","231","229","230","236","236","240","246","247","251","49","50","54","47","47","50","45","44","46","55","55","50","44","39","47","47","47","49","45","45","48",
"도봉구","합계","계","","359731","358590","357298","355712","355282","355256","354454","353241","352521","352164","351253","350272","348646","347941","347338","346234","345041","344096","342990","341649","340089","339001","337594","335631","333495","331744","329300","327361","323752","322419","320711","319373","318100","316916","314884","313989","312858","311386","310133","309494","308864","308060","306926","306032","305391","304555","303770","303051","302196",
"도봉구","0~4세","계","","13302","13302","13167","13103","12966","13018","12879","12733","12609","12507","12339","12178","11869","11644","11338","11115","10841","10668","10440","10309","9939","9725","9427","9189","8791","8516","8239","7975","7532","7338","7117","6936","6716","6555","6399","6249","6043","5885","5765","5621","5514","5422","5326","5237","5168","5095","5031","5058","5065",
"도봉구","5~9세","계","","13620","13420","13267","13118","13059","13102","13129","13218","13142","13107","13113","13007","12865","12834","12674","12515","12391","12311","12203","11969","11843","11800","11683","11571","11402","11298","11109","10890","10692","10590","10417","10188","9986","9768","9554","9421","9179","9039","8782","8725","8420","8295","8049","7835","7572","7311","7117","6915","6624",
"도봉구","10~14세","계","","17401","17092","16807","16439","15955","15598","15229","14726","14455","14197","13936","13709","13525","13417","13404","13353","13125","13015","12875","12703","12421","12223","12113","11975","11806","11788","11763","11729","11623","11543","11556","11469","11317","11267","11185","11053","10947","10849","10712","10594","10473","10435","10374","10281","10221","10169","10035","9949","9835",
"도봉구","15~19세","계","","22932","22650","22325","22037","21800","21661","21380","21128","20870","20650","20379","20064","19590","19191","18780","18399","18043","17679","17352","17091","16799","16476","16178","15836","15229","14799","14392","13961","13649","13339","13079","12905","12742","12576","12602","12588","12373","12167","12035","11941","11770","11613","11519","11515","11370","11360","11400","11500","11426",
"도봉구","20~24세","계","","25274","25403","25441","25366","25274","25232","25204","25151","25025","25026","24867","24621","24360","24290","24225","23926","23539","23328","23103","23047","22744","22442","22181","21808","21598","21397","21014","20677","20266","20086","19773","19471","19056","18766","18347","18056","17768","17482","17252","17031","16895","16663","16418","16149","15717","15463","15124","14822","14625",
"도봉구","25~29세","계","","24164","23913","23801","23616","23562","23506","23356","23175","22966","22983","23018","23172","23095","23224","23501","23673","23754","23838","23858","23735","23697","23835","23870","23806","23752","23595","23427","23339","23083","23003","22881","22626","22449","22339","22177","22076","21817","21561","21311","21238","21058","20903","20683","20454","20392","20268","20002","19656","19469",
"도봉구","30~34세","계","","28597","28220","27706","27081","26676","26414","26143","25739","25371","24870","24442","23892","23398","23026","22661","22188","21801","21577","21315","20985","20686","20623","20451","20247","19986","19875","19653","19579","19336","19392","19397","19619","19695","19866","19859","20074","20168","20346","20396","20350","20431","20529","20604","20619","20761","20704","20718","20763","20668",
"도봉구","35~39세","계","","25505","25239","25171","25088","25129","25180","25263","25297","25221","25424","25459","25507","25472","25632","25533","25224","25326","25182","25226","25098","24777","24557","24140","23709","23272","22860","22350","21978","21380","20994","20534","20154","19751","19450","19126","18787","18522","18274","18076","17859","17684","17626","17462","17444","17308","17283","17193","17226","17099",
"도봉구","40~44세","계","","31486","31301","30844","30530","30189","29865","29353","28847","28446","27914","27335","26995","26488","26000","25675","25488","24904","24333","23977","23562","23282","22959","22857","22685","22399","22243","22204","22130","21850","21993","21961","21943","22001","22136","21979","21772","21769","21746","21679","21687","21420","21196","20909","20590","20334","20088","19792","19595","19293",
"도봉구","45~49세","계","","30466","30418","30455","30358","30448","30687","30750","30659","30791","30956","31163","31139","30902","30955","30893","30861","30629","30688","30210","29942","29688","29490","29051","28767","28353","27831","27298","26755","26125","25542","24950","24540","24046","23561","23215","22985","22495","21946","21561","21194","21013","20699","20588","20538","20433","20318","20462","20463","20379",
"도봉구","50~54세","계","","32724","32518","32256","31828","31584","31113","30749","30430","29973","29528","29251","29137","29050","28948","28825","28553","28578","28408","28692","28999","29065","29073","29084","28915","28904","29033","28990","28896","28868","28972","29142","29184","29020","28979","28784","28638","28425","28381","27878","27718","27476","27291","26940","26680","26415","25974","25563","25143","24731",
"도봉구","55~59세","계","","29734","30008","30177","30393","30407","30726","30929","31214","31571","32021","32012","31851","31788","31688","31658","31712","31627","31637","31356","30940","30715","30513","30264","29964","29600","29074","28683","28435","27893","27400","27191","27118","27109","26948","26640","26426","26416","26219","26515","26874","27083","27122","27120","26966","27024","27187","27223","27165","27305",
"도봉구","60~64세","계","","19459","19674","19876","20284","21133","21495","21915","22334","22920","23405","23906","24490","24932","24918","25262","25739","26190","26463","26884","27305","27691","27918","28225","28445","28380","28651","28790","28958","29095","29333","29265","29060","29090","29012","28764","28866","28822","28809","28663","28226","28055","27901","27707","27501","27313","26905","26670","26461","26148",
"도봉구","65~69세","계","","15445","15488","15751","15900","16139","16277","16418","16597","16824","16882","16806","16851","16919","17289","17491","17622","17762","17878","17943","17952","18226","18495","18700","19006","19822","20177","20493","20884","21268","21581","21914","22405","22767","22752","23009","23363","23786","23991","24376","24879","25275","25527","25786","26090","26053","26366","26642","26908","27234",
"도봉구","70~74세","계","","13294","13346","13374","13334","13329","13530","13591","13457","13340","13358","13507","13565","13639","13699","13747","13713","13845","14091","14262","14433","14513","14549","14826","14951","15149","15282","15372","15534","15568","15573","15453","15436","15446","15777","15864","15931","16045","16064","16162","16236","16577","16844","17025","17404","18147","18487","18885","19258","19797",
"도봉구","75~79세","계","","8475","8618","8802","8978","9136","9235","9361","9495","9687","9863","10114","10269","10652","10913","11223","11511","11721","11819","11930","12022","12083","12174","12184","12190","12122","12260","12312","12187","11982","11949","12026","12057","12137","12133","12157","12152","12299","12490","12603","12747","12847","12905","13175","13310","13493","13624","13749","13929","14068",
"도봉구","80~84세","계","","4572","4637","4687","4789","4927","4998","5141","5317","5491","5624","5679","5830","5986","6059","6147","6236","6430","6566","6673","6759","6974","7126","7307","7449","7651","7704","7760","7866","7957","8117","8361","8478","8817","9055","9269","9496","9724","9777","9867","9928","9931","10014","10006","10015","10025","10219","10268","10193","10125",
"도봉구","85~89세","계","","2190","2247","2267","2338","2412","2437","2461","2514","2583","2614","2657","2697","2786","2839","2898","2973","3050","3079","3159","3197","3294","3349","3353","3399","3501","3560","3636","3742","3826","3886","3901","4004","4132","4162","4186","4247","4392","4468","4551","4653","4870","4991","5143","5267","5428","5479","5568","5639","5818",
"도봉구","90~94세","계","","813","808","828","828","836","861","878","890","896","895","924","938","970","1002","1017","1043","1058","1089","1087","1150","1174","1200","1236","1244","1301","1316","1323","1354","1340","1365","1363","1388","1420","1407","1406","1445","1484","1504","1548","1572","1643","1634","1638","1677","1745","1770","1827","1908","1979",
"도봉구","95~99세","계","","167","175","182","184","198","196","200","196","211","211","218","231","227","237","248","249","289","308","303","305","332","323","309","316","311","313","311","317","300","300","307","303","313","323","320","322","332","323","336","363","359","381","390","399","412","422","430","432","434",
"도봉구","100세 이상","계","","111","113","114","120","123","125","125","124","129","129","128","129","133","136","138","141","138","139","142","146","146","151","155","159","166","172","181","175","119","123","123","89","90","84","42","42","52","65","65","58","70","69","64","61","60","63","71","68","74",
"노원구","합계","계","","591596","589878","588767","586056","584630","582799","581088","578221","577805","576782","574498","571212","569384","566411","562278","558075","555803","553177","551069","548160","545486","542603","539829","537303","535495","533041","529532","527032","522225","520005","517038","514946","514445","512162","509686","508014","506989","504641","504423","502925","501727","500045","498358","496552","495111","492612","490739","489003","487707",
"노원구","0~4세","계","","22905","22773","22650","22576","22404","22324","22087","21800","21612","21633","21280","21020","20569","20139","19624","19054","18484","18138","17586","17222","16640","16263","15695","15356","14977","14575","13985","13583","13054","12781","12455","12189","11917","11746","11590","11322","11092","10906","10861","10677","10443","10361","10220","10089","9942","9917","9955","9997","10013",
"노원구","5~9세","계","","25121","24779","24473","24209","24027","23856","23729","23760","23726","23529","23382","23150","22962","22750","22474","22289","21911","21558","21318","21047","20920","20753","20648","20550","20556","20366","20039","19728","19400","19100","18701","18577","18225","17854","17510","17108","16736","16402","16092","15857","15576","15292","14845","14515","14109","13723","13360","13000","12723",
"노원구","10~14세","계","","35059","34484","34003","33479","32643","31894","31075","30240","29445","28950","28503","28127","27717","27378","27228","27109","26908","26558","26270","25948","25610","25241","24948","24639","24579","24383","24271","24300","24107","23859","23698","23497","23309","23012","22757","22498","22156","21783","21657","21455","21219","21026","20980","20898","20778","20609","20455","20216","20072",
"노원구","15~19세","계","","43842","43374","43088","42751","42415","42073","42036","41647","41456","41035","40536","39968","39611","38853","38084","37188","36655","36015","35420","34889","34301","33595","33130","32536","31434","30663","29894","29159","28302","27792","27425","27049","27301","26980","26930","26859","27095","26611","26359","26015","26069","25644","25342","24954","25064","24673","24479","24334","24338",
"노원구","20~24세","계","","43092","43352","43665","43344","43386","43326","43416","43383","43874","43778","43635","43265","43494","43211","43168","42380","42498","42174","42370","42028","41783","41209","41009","40380","40032","39613","39237","38754","38189","37828","37415","36784","36943","36565","36341","35659","35563","35115","34930","34607","34531","34090","33803","33616","33136","32587","31877","31255","30600",
"노원구","25~29세","계","","36633","36614","36451","36207","36087","36061","35946","35542","35504","35686","35770","35670","35590","35744","35759","35805","35893","36224","36307","36323","36139","36355","36290","36196","36082","36152","36073","36247","35895","35739","35260","35017","34746","34570","34458","34239","34168","34189","34066","33968","33730","33556","33270","33092","32968","32917","32751","32547","32437",
"노원구","30~34세","계","","45913","45285","44453","43487","42698","42083","41429","40689","40060","39297","38692","37836","37003","36118","35185","34419","33693","33101","32639","32181","31716","31448","31233","31073","31097","31112","30867","30673","30580","30861","30934","31209","31458","31673","31817","32155","32208","32366","32417","32498","32418","32683","32752","32689","32579","32692","32744","33170","33244",
"노원구","35~39세","계","","44040","43548","43303","43089","42877","42614","42541","42448","42473","42799","42754","42257","42243","42215","41711","41006","40775","40624","40342","39995","39345","38618","37799","37088","36673","36149","35389","34868","34210","33698","33156","32744","32140","31608","31068","30576","30117","29740","29600","29449","29187","29100","29094","29117","29001","29065","29089","28964","28963",
"노원구","40~44세","계","","56168","55694","54953","54490","53938","53301","52465","51435","50554","49547","48389","47729","46808","45992","45234","44544","43724","42754","41910","41100","40596","39995","39635","39444","39256","38934","38731","38647","38307","38319","38113","37838","37943","37875","37597","37200","37104","36917","37014","37003","36701","36165","35604","34977","34478","33866","33298","32785","32417",
"노원구","45~49세","계","","52970","53117","53502","53258","53380","53567","53773","53847","54191","54667","55139","55151","54788","54757","54514","54348","53979","53968","53283","53009","52497","52085","51298","50962","50403","49738","48862","48037","46879","45847","44833","44366","43601","42881","42213","41785","41057","40203","39684","38898","38285","37825","37562","37477","37162","36821","36743","36775","36626",
"노원구","50~54세","계","","50762","50538","50362","49841","49473","49017","48481","48039","47374","46745","46359","46281","46133","46011","45454","45151","44997","44718","45304","45757","46058","46206","46460","46364","46486","46684","46868","46927","47139","47456","47821","47868","47812","47942","47818","47871","47621","47582","47255","47068","46781","46542","46036","45718","45147","44550","43808","43192","42235",
"노원구","55~59세","계","","42709","43022","43398","43879","43871","44115","44516","44827","45359","45878","45818","45458","45695","45499","45118","45015","45188","45277","44956","44207","43915","43734","43479","43038","42603","42127","41641","41304","40611","40005","39617","39540","39392","39296","38899","38851","38820","38719","39296","39758","40144","40335","40613","40508","40762","40902","41106","41081","41360",
"노원구","60~64세","계","","27818","28211","28494","28966","30134","30632","31158","31655","32599","33173","33799","34413","34830","34734","35137","35524","36017","36327","36898","37358","37796","38055","38237","38754","38635","38909","39063","39316","39646","40023","40073","39923","40232","40107","39774","39851","39973","40006","39808","39250","39047","38911","38661","38323","38017","37498","37210","36911","36443",
"노원구","65~69세","계","","21243","21415","21759","21983","22289","22495","22769","23171","23464","23526","23393","23344","23530","24063","24235","24338","24477","24692","24828","25040","25302","25646","25918","26350","27334","27743","28216","28634","29289","29799","30402","30964","31250","31190","31577","32075","32638","32921","33507","34042","34437","34646","34838","35191","35118","35298","35577","35763","36207",
"노원구","70~74세","계","","18292","18358","18472","18433","18435","18640","18510","18308","18145","18127","18235","18368","18515","18501","18459","18450","18574","18851","19093","19279","19571","19731","20012","20311","20570","20703","20917","21248","21308","21263","21123","21084","21233","21659","21872","21973","22119","22308","22435","22592","22890","23258","23573","23920","24851","25204","25631","26060","26779",
"노원구","75~79세","계","","12556","12748","12939","13021","13239","13313","13404","13474","13730","14024","14307","14400","14762","15130","15436","15724","15866","15879","16005","16052","16041","16179","16281","16257","16316","16519","16491","16311","16035","16045","16129","16240","16369","16332","16365","16419","16553","16754","16993","17158","17361","17500","17806","17959","18187","18240","18458","18766","18885",
"노원구","80~84세","계","","7253","7300","7408","7543","7700","7826","7983","8119","8285","8385","8468","8616","8875","8972","9040","9207","9504","9616","9699","9757","10109","10247","10376","10467","10654","10727","10848","10940","11037","11262","11457","11549","11878","12118","12350","12635","12755","12786","12936","12981","12992","13045","13149","13131","13231","13360","13339","13226","13170",
"노원구","85~89세","계","","3407","3451","3537","3633","3711","3727","3808","3884","3960","4004","4020","4095","4166","4237","4287","4360","4429","4444","4539","4651","4765","4838","4937","5044","5195","5274","5409","5558","5630","5707","5764","5850","5976","6045","6029","6171","6391","6472","6590","6680","6889","6997","7071","7160","7272","7335","7418","7439","7559",
"노원구","90~94세","계","","1320","1332","1369","1374","1400","1402","1421","1402","1419","1406","1415","1452","1464","1468","1487","1504","1566","1573","1609","1617","1644","1667","1700","1749","1852","1903","1942","2013","2041","2050","2075","2118","2173","2154","2176","2207","2233","2257","2306","2351","2400","2431","2476","2542","2610","2644","2708","2776","2888",
"노원구","95~99세","계","","308","299","292","289","309","321","323","332","356","373","385","385","406","414","415","421","425","446","453","458","482","478","488","492","498","494","504","496","452","451","458","454","459","465","461","481","506","521","533","533","542","548","566","580","607","613","637","661","662",
"노원구","100세 이상","계","","185","184","196","204","214","212","218","219","219","220","219","227","223","225","229","239","240","240","240","242","256","260","256","253","263","273","285","289","114","120","129","86","88","90","84","79","84","83","84","85","85","90","97","96","92","98","96","85","86",
"은평구","합계","계","","506560","505935","504603","503243","504165","504055","504345","502578","501242","499850","498514","495937","494388","492835","491899","491202","490253","489045","487849","487666","488713","488285","486159","484546","482509","483938","485842","484043","479607","479409","477961","477173","476013","477460","474124","470602","468766","467295","471155","470869","470185","468976","466809","465350","464466","463165","461842","459586","458619",
"은평구","0~4세","계","","20932","20691","20496","20361","20203","20099","19958","19622","19325","19129","18795","18371","17906","17513","17109","16746","16307","16004","15790","15632","15480","15311","14807","14427","13855","13701","13436","12961","12405","12198","11841","11636","11334","11376","11143","10904","10620","10356","10338","10219","9942","9693","9462","9375","9255","9169","9174","9137","9160",
"은평구","5~9세","계","","20480","20384","20140","19992","20073","20071","20105","20056","19922","19866","19733","19505","19324","19262","19071","18882","18609","18416","18221","17981","17865","17665","17561","17472","17255","17293","17304","16953","16615","16611","16429","16199","15889","15747","15408","15035","14653","14430","14500","14227","13944","13665","13251","12879","12413","12105","11742","11406","11040",
"은평구","10~14세","계","","24234","23872","23559","23137","22524","22099","21741","21092","20691","20429","20228","20032","19857","19684","19654","19681","19464","19213","19048","18854","18638","18556","18325","18202","18105","18083","18121","18148","17989","17929","17798","17699","17545","17635","17474","17280","17083","16968","17006","16871","16668","16490","16459","16350","16185","16031","15947","15694","15493",
"은평구","15~19세","계","","29878","29618","29320","29110","28919","28782","28696","28622","28230","27989","27608","27196","26737","26265","25923","25514","25150","24824","24492","24311","23929","23531","23206","22771","22028","21632","21318","20737","20304","20047","19839","19707","19563","19549","19456","19373","19175","18935","18984","18865","18666","18531","18274","18236","18183","18129","18126","18187","18026",
"은평구","20~24세","계","","32573","32994","33066","32974","33199","33130","33287","33382","33253","33111","33028","32691","32676","32542","32334","32040","31788","31683","31313","31112","31115","30932","30585","30174","30126","30115","30187","29987","29516","29279","28901","28498","28058","27858","27448","26870","26553","26176","26143","26041","25719","25424","25089","24585","24110","23630","23200","22476","22048",
"은평구","25~29세","계","","33494","33472","33243","33177","33146","33206","33105","32851","33005","33026","33137","33157","33116","33291","33645","34086","34429","34757","34986","35063","35559","36037","36395","36624","36880","37179","37546","37868","37822","37863","37810","37537","37318","37459","37265","36877","36748","36531","36705","36504","36362","36093","35737","35545","35473","35238","34826","34422","34029",
"은평구","30~34세","계","","44901","44327","43510","42599","41966","41486","40907","40297","39365","38432","37536","36619","35748","35113","34534","34122","33471","33094","32887","32922","32815","32758","32655","32581","32356","32918","33295","33083","33135","33360","33592","33948","34070","34558","34858","35079","35253","35490","36219","36562","36899","37395","37470","37464","37628","37638","37700","37716","37751",
"은평구","35~39세","계","","41171","40651","40492","40395","40740","40780","41038","40798","40702","40946","41082","40704","40664","40658","40570","40175","40234","40203","40182","40100","40017","39662","38928","38294","37439","37322","37076","36504","35592","35075","34382","34078","33413","33194","32542","31886","31305","30875","31039","30883","30477","30218","29944","29992","29949","30162","30138","30019","30170",
"은평구","40~44세","계","","46699","46581","46189","45986","45694","45337","44978","44349","43801","43023","42213","41787","41185","40594","40092","39875","39130","38289","37621","37090","36941","36513","36260","36135","36054","36167","36373","36137","35811","36138","36221","36265","36365","36665","36532","36018","35982","36023","36513","36484","36148","35650","35076","34416","33723","33216","32694","32242","31603",
"은평구","45~49세","계","","40587","40796","41054","40988","41312","41638","42056","42097","42463","42890","43379","43518","43499","43796","43979","44116","44101","44296","43864","43769","43675","43542","43072","42871","42405","41990","41719","41230","40385","39624","38743","38480","37996","37555","36912","36592","35888","35148","35028","34500","34298","33894","33672","33620","33616","33489","33474","33275","33254",
"은평구","50~54세","계","","41765","41650","41474","41091","40873","40461","40199","39974","39440","38860","38531","38421","38453","38363","38193","37954","38029","37880","38280","38801","39161","39324","39478","39268","39252","39639","40142","40159","40348","40885","41309","41547","41515","41932","41737","41582","41534","41661","41754","41748","41562","41411","41020","40893","40585","40051","39559","39117","38560",
"은평구","55~59세","계","","37930","38107","38284","38817","38950","39239","39551","39929","40258","40684","40745","40620","40557","40434","40321","40468","40646","40642","40428","40017","39945","39826","39409","38996","38540","38263","38151","37891","37204","36630","36451","36410","36490","36609","36218","35749","35732","35528","36283","36756","37026","37190","37423","37353","37614","37906","38174","38147","38565",
"은평구","60~64세","계","","26836","27213","27366","27614","28627","29001","29459","29756","30476","30875","31483","31859","32332","32184","32624","32984","33360","33647","34094","34594","35167","35346","35521","35993","35969","36364","36821","37198","37341","37849","37921","37928","38039","38182","37823","37707","37684","37779","37823","37392","37265","37145","36949","36579","36298","35855","35486","35263","34889",
"은평구","65~69세","계","","22867","22868","23255","23532","23753","23948","24035","24296","24445","24242","23997","23949","23797","24156","24239","24228","24317","24342","24301","24490","24759","25136","25200","25474","26361","26665","27175","27543","27915","28376","28929","29370","29732","29629","29869","30111","30383","30676","31309","31812","32339","32556","32762","33261","33310","33594","33878","34241","34584",
"은평구","70~74세","계","","19464","19629","19620","19463","19529","19807","19884","19709","19534","19576","19716","19612","19800","19752","19804","19811","19939","20131","20325","20540","20737","20769","21049","21293","21431","21608","21770","22050","21932","21870","21606","21537","21504","21929","21801","21725","21757","21894","22025","22102","22316","22689","22800","23021","23825","24171","24550","24837","25522",
"은평구","75~79세","계","","12177","12382","12665","12890","13180","13324","13504","13664","13879","14119","14407","14673","15128","15401","15787","16145","16500","16654","16750","16795","16862","17048","17076","16960","17019","17249","17295","17132","16926","16956","17089","17051","17202","17263","17166","17020","17095","17287","17601","17815","17980","18039","18350","18534","18662","18827","18981","19169","19400",
"은평구","80~84세","계","","6070","6123","6199","6385","6621","6732","6883","7078","7341","7511","7656","7884","8134","8292","8425","8650","8924","9030","9244","9489","9793","9964","10147","10380","10567","10729","10903","11072","11120","11325","11568","11751","12178","12446","12642","12812","13125","13254","13364","13369","13469","13618","13618","13551","13640","13792","13848","13739","13726",
"은평구","85~89세","계","","2795","2852","2921","2983","3057","3116","3131","3203","3284","3287","3361","3453","3513","3552","3592","3673","3744","3780","3865","3900","3993","4034","4111","4238","4419","4532","4691","4850","4955","5088","5178","5365","5579","5675","5725","5864","6035","6085","6255","6406","6683","6813","6915","7062","7211","7285","7405","7479","7639",
"은평구","90~94세","계","","1106","1121","1136","1139","1171","1176","1203","1172","1182","1207","1216","1210","1281","1295","1307","1333","1369","1389","1389","1419","1451","1513","1559","1571","1594","1629","1640","1661","1613","1633","1684","1711","1749","1721","1679","1698","1734","1765","1822","1855","1945","1955","2011","2099","2226","2298","2354","2425","2541",
"은평구","95~99세","계","","279","279","287","279","293","287","287","290","296","291","304","315","325","333","330","350","365","393","388","403","425","432","428","425","444","446","462","454","398","389","383","384","403","405","374","373","377","375","384","401","416","445","456","466","489","508","517","526","543",
"은평구","100세 이상","계","","322","325","327","331","335","336","338","341","350","357","359","361","356","355","366","369","377","378","381","384","386","386","387","397","410","414","417","425","281","284","287","72","71","73","52","47","50","59","60","57","61","62","71","69","71","71","69","69","76",
"서대문구","합계","계","","324080","323449","323560","320861","319938","318206","317983","323105","326746","327113","326359","325871","327163","326412","326479","325028","324871","323261","322497","323080","324604","324304","324089","323171","325875","324224","323860","322952","318814","317699","316415","315659","317075","317515","317159","319554","321966","321726","321379","320629","320378","320010","319749","318622","318085","316827","317826","316832","316837",
"서대문구","0~4세","계","","11732","11733","11595","11397","11201","11194","11148","11657","11851","11910","11739","11586","11504","11430","11162","10933","10742","10578","10380","10301","10168","10011","9737","9600","9657","9461","9410","9170","8781","8556","8314","8176","7985","7898","7890","7915","7870","7711","7556","7420","7282","7186","7156","7156","7002","6878","6846","6894","6872",
"서대문구","5~9세","계","","11294","11153","11073","10915","10758","10722","10650","11136","11323","11279","11283","11216","11252","11206","11224","11194","11133","11109","11122","11186","11208","11187","11156","11136","11303","11344","11375","11272","11195","11139","11095","10985","10897","10804","10764","10747","10823","10747","10593","10348","10106","9897","9712","9467","9174","8948","8800","8567","8272",
"서대문구","10~14세","계","","14158","13955","13798","13507","13149","12872","12575","12546","12388","12280","12075","12000","11924","11809","11756","11695","11525","11403","11284","11246","11159","11093","11077","10999","11100","11059","11074","11092","11044","10948","10881","10755","10811","10802","10875","10930","11001","10915","10922","10858","10787","10804","10793","10803","10684","10753","10791","10631","10581",
"서대문구","15~19세","계","","18637","18282","18329","17996","17761","17623","17567","17579","17419","17311","17259","17197","16789","16579","16476","16349","15801","15569","15364","15351","15028","15019","14988","14924","14203","13871","13516","13280","12833","12641","12473","12458","12427","12395","12497","12591","12337","12258","12224","12173","11993","11884","12046","12239","12050","11976","12275","12487","12150",
"서대문구","20~24세","계","","25034","25295","26120","25694","25854","25519","26264","26611","26971","26935","27088","27074","27644","27251","27641","27275","27606","27028","26998","27283","27458","27411","28030","27421","27309","26443","26095","26000","25437","25402","25219","25273","25509","25926","26004","26542","26764","26524","26752","26578","26461","26388","26573","26346","25969","25483","26000","25432","25247",
"서대문구","25~29세","계","","25837","25817","25706","25470","25535","25407","25366","25561","26071","26305","26323","26357","26814","26918","27174","27098","27607","27743","27776","27975","28478","28748","28760","28802","29563","29591","29619","29760","29625","29611","29290","29150","29481","29631","29531","29774","30216","30369","30328","30161","30408","30317","30014","29613","30099","29837","29667","29337","29572",
"서대문구","30~34세","계","","27967","27596","27077","26432","26048","25552","25105","25531","25704","25467","25001","24565","24270","23933","23677","23299","22984","22751","22496","22459","22549","22570","22431","22567","23028","23045","23090","23023","23003","23230","23249","23483","23652","23723","23971","24309","24718","25076","25169","25304","25450","25636","25726","25688","25802","25757","25841","26031","26160",
"서대문구","35~39세","계","","24097","23830","23606","23422","23251","23216","23239","23982","24326","24570","24646","24662","24877","24982","24954","24721","24762","24671","24710","24796","24873","24676","24372","23982","24334","24045","23915","23783","23338","23011","22735","22465","22293","22110","21965","21969","22060","21880","21762","21714","21476","21497","21401","21392","21340","21296","21334","21271","21425",
"서대문구","40~44세","계","","28813","28656","28342","27985","27627","27138","26597","26890","26778","26327","25723","25328","25080","24857","24466","24195","23791","23387","23090","22926","22757","22489","22430","22399","22652","22628","22778","22783","22626","22592","22704","22701","22924","23078","23172","23338","23667","23735","23824","23703","23525","23435","23226","22933","22609","22420","22365","22086","21782",
"서대문구","45~49세","계","","25940","26018","26153","25989","26094","26235","26435","26791","27364","27620","27878","28133","28123","28131","28280","28181","27994","27938","27550","27429","27522","27379","27049","26786","26830","26416","26079","25726","25067","24566","23983","23548","23360","23109","22743","22760","22634","22278","21940","21695","21512","21157","21111","21041","20969","20985","21124","21179","21297",
"서대문구","50~54세","계","","26373","26294","26187","26031","25757","25437","25168","25474","25530","25276","24985","25005","25236","25286","25070","24890","24903","24668","24890","25158","25414","25425","25475","25501","25805","25920","26095","25981","26035","26160","26345","26409","26519","26618","26599","26718","26813","26866","26498","26407","26291","26118","25817","25571","25326","24995","24721","24454","24055",
"서대문구","55~59세","계","","23458","23660","23886","24018","23909","24013","24101","24561","25045","25491","25570","25495","25605","25663","25549","25617","25780","25752","25504","25210","25182","25064","24925","24887","24827","24576","24407","24250","23754","23310","23061","23058","23179","23115","22895","22912","23051","22917","23081","23318","23565","23712","23797","23751","23742","23807","23973","24042","24323",
"서대문구","60~64세","계","","16363","16510","16595","16696","17223","17311","17557","18028","18657","18931","19282","19600","19884","19813","20065","20315","20598","20729","21055","21304","21723","21865","21951","22093","22226","22357","22538","22628","22636","22906","23010","22930","23026","23044","22849","23053","23227","23271","23098","22837","22725","22704","22595","22393","22363","22171","22007","21911","21685",
"서대문구","65~69세","계","","14538","14559","14653","14713","14777","14781","14759","14984","15144","15101","14834","14697","14574","14729","14795","14736","14711","14806","14850","14849","14947","15038","15094","15247","15731","15963","16247","16454","16595","16776","17082","17293","17585","17575","17731","18056","18383","18507","18780","19082","19420","19569","19747","19918","19927","20103","20318","20472","20800",
"서대문구","70~74세","계","","13226","13208","13208","13048","13039","13096","13086","12962","12925","12824","12896","12858","12929","12890","12854","12778","12785","12821","12884","12907","13027","13035","13109","13138","13282","13290","13263","13382","13133","13005","12767","12688","12651","12795","12772","12766","12836","12994","13006","13019","13073","13219","13324","13473","13850","14062","14270","14432","14828",
"서대문구","75~79세","계","","8948","9129","9286","9485","9621","9595","9688","9837","9944","10059","10198","10305","10562","10746","11007","11183","11361","11379","11402","11353","11351","11309","11301","11225","11257","11312","11309","11100","10790","10727","10829","10771","10834","10788","10727","10699","10738","10763","10855","10860","10949","10998","11142","11157","11276","11329","11313","11464","11534",
"서대문구","80~84세","계","","4425","4455","4510","4600","4787","4903","5017","5237","5494","5596","5724","5886","6078","6156","6216","6338","6488","6578","6708","6822","7110","7250","7340","7501","7627","7643","7676","7734","7638","7736","7899","7962","8224","8356","8503","8685","8857","8852","8839","8864","8849","8875","8855","8806","8827","8844","8874","8767","8725",
"서대문구","85~89세","계","","2009","2056","2158","2183","2246","2275","2335","2391","2467","2457","2475","2505","2572","2587","2655","2712","2729","2742","2809","2891","2959","3005","3069","3140","3260","3372","3447","3577","3638","3727","3807","3911","4053","4081","4053","4143","4285","4353","4413","4502","4678","4769","4834","4941","5067","5116","5183","5195","5239",
"서대문구","90~94세","계","","832","842","861","861","857","867","877","890","877","902","896","904","941","938","945","1002","1029","1042","1050","1055","1085","1116","1167","1191","1243","1246","1275","1287","1241","1249","1266","1281","1277","1287","1287","1311","1331","1358","1384","1425","1448","1442","1466","1506","1571","1619","1662","1718","1837",
"서대문구","95~99세","계","","223","221","235","234","254","259","250","256","258","260","271","282","292","293","293","290","308","331","337","330","350","349","352","353","355","357","367","371","295","294","286","288","312","303","273","283","296","292","295","297","318","340","350","356","367","378","398","403","398",
"서대문구","100세 이상","계","","176","180","182","185","190","191","199","201","210","212","213","216","213","215","220","227","234","236","238","249","256","265","276","279","283","285","285","299","110","113","120","74","76","77","58","53","59","60","60","64","62","63","64","72","71","70","64","59","55",
"마포구","합계","계","","391177","390712","390092","395830","398649","400367","400596","398351","397575","395687","393766","390887","389649","388574","387776","385783","385624","385507","385032","386359","386571","385985","385605","385925","386086","384957","383494","381858","378216","379984","379525","378686","378629","378290","376062","375585","376542","376285","375639","375162","374962","373980","373874","372745","371852","370897","370471","369364","368464",
"마포구","0~4세","계","","16029","15907","15802","16258","16317","16573","16578","16237","16081","16119","16038","15792","15455","15276","15008","14687","14297","14135","13955","14004","13585","13419","13137","13043","12684","12357","11982","11660","11193","10991","10709","10477","10073","9835","9646","9475","9396","9195","9012","8856","8605","8554","8449","8391","8270","8236","8270","8277","8262",
"마포구","5~9세","계","","15811","15699","15525","15703","15681","15710","15714","15717","15568","15476","15389","15278","15106","15003","14886","14759","14489","14355","14166","14110","13986","13947","13914","13901","13871","13861","13839","13573","13435","13618","13579","13553","13310","13105","12834","12590","12422","12383","12243","12152","11924","11804","11546","11362","11013","10736","10477","10293","9986",
"마포구","10~14세","계","","17122","16912","16673","16753","16441","16205","16034","15566","15314","15163","14935","14719","14587","14630","14623","14670","14629","14601","14554","14540","14398","14301","14176","14057","13909","13946","13831","13907","13767","13833","13830","13754","13715","13624","13528","13426","13264","13123","12977","12858","12746","12707","12751","12710","12653","12694","12657","12498","12469",
"마포구","15~19세","계","","20190","20014","19840","19990","20129","20155","20054","19767","19396","19214","18988","18833","18387","18171","17973","17663","17288","17154","17113","17097","16788","16678","16628","16522","16003","15579","15265","14951","14732","14630","14438","14403","14439","14425","14376","14571","14521","14433","14350","14264","14160","14020","14062","13985","13891","13817","13883","13976","13783",
"마포구","20~24세","계","","26910","27197","27553","28003","28340","28458","28926","28948","28839","28745","28793","28519","28567","28343","28737","28163","28242","28197","28348","28447","28705","28653","29079","28822","28906","28605","28287","28016","27549","27735","27567","27262","27392","27449","27409","26955","26667","26417","26415","26089","25890","25529","25557","25251","24640","24316","24381","23833","23671",
"마포구","25~29세","계","","33162","33247","33209","33632","33911","34259","34157","33752","33712","33657","33619","33650","34005","34173","34361","34428","34835","35356","35704","36110","36651","36939","37066","37358","37549","37666","38005","38160","38077","38313","38310","38273","38499","38666","38467","38272","38448","38409","38202","38099","37998","37602","37373","36963","37065","36886","36552","36113","35716",
"마포구","30~34세","계","","40095","39783","39579","40162","40175","40091","39751","39437","39003","38367","37763","37129","36424","35920","35390","34831","34486","34314","33892","33782","33501","33452","33213","33436","33447","33579","33433","33296","33282","33486","33727","33822","34043","34356","34536","34894","35342","35739","36014","36301","36563","36921","37151","37249","37200","37239","37403","37688","37479",
"마포구","35~39세","계","","35209","34823","34597","35197","35586","35654","35739","35546","35609","35574","35589","35243","35324","35395","35375","35091","35124","35135","35109","35386","35182","34864","34595","34386","34192","33990","33674","33277","32678","32554","32189","31888","31288","30923","30586","30323","30329","30149","29950","29906","29683","29755","29648","29653","29490","29556","29579","29552","29649",
"마포구","40~44세","계","","37489","37531","37158","37510","37604","37445","37028","36439","35882","35382","34648","34269","33777","33343","32886","32619","32102","31603","31127","30991","30836","30516","30304","30302","30271","30065","30053","29915","29927","30271","30423","30252","30362","30462","30331","30215","30456","30554","30577","30594","30538","30241","30158","29784","29543","29354","29169","29006","28715",
"마포구","45~49세","계","","29900","30042","30229","30755","31254","31586","31830","31882","32370","32726","33104","33172","33280","33462","33633","33667","33803","34004","33844","33886","33886","33718","33498","33402","33368","33086","32596","32239","31595","31427","30889","30683","30301","29910","29399","29203","28815","28363","27907","27562","27384","27132","27010","27016","27067","26893","26878","26739","26853",
"마포구","50~54세","계","","29545","29477","29371","29647","29616","29581","29396","29163","28894","28266","27985","27748","27640","27632","27401","27276","27459","27308","27510","28020","28344","28488","28598","28716","28940","29016","29151","29240","29503","30057","30540","30781","30979","31008","30940","31090","31311","31573","31434","31405","31419","31255","31105","30859","30696","30498","30118","29903","29454",
"마포구","55~59세","계","","25660","25764","25922","26544","26709","27081","27330","27484","27690","27897","27771","27503","27489","27354","27131","27183","27279","27441","27344","27091","26929","26802","26711","26604","26601","26378","26150","26019","25612","25381","25232","25120","25151","25181","24907","24872","24996","24853","25101","25475","25758","25907","26080","26196","26318","26430","26622","26641","27073",
"마포구","60~64세","계","","17772","17892","17880","18316","19002","19276","19575","19815","20309","20517","20659","20729","20843","20672","20936","21131","21469","21554","21807","22062","22487","22595","22725","22947","23062","23135","23175","23274","23372","23797","23832","23836","23909","23867","23578","23785","23993","24130","23995","23706","23702","23549","23487","23317","23211","23004","22800","22695","22495",
"마포구","65~69세","계","","15630","15517","15577","15703","15798","15816","15762","15826","15968","15678","15384","15176","15150","15380","15323","15222","15215","15231","15223","15264","15237","15354","15344","15590","16069","16266","16496","16757","16858","17167","17495","17814","17984","17928","18052","18252","18513","18619","18886","19131","19491","19668","19862","20060","20108","20242","20389","20528","20658",
"마포구","70~74세","계","","13491","13538","13568","13565","13590","13771","13660","13498","13312","13181","13160","13046","13043","12975","12919","12833","12925","12955","13010","13072","13204","13150","13277","13268","13351","13342","13343","13350","13144","13034","12881","12753","12800","12973","12949","12952","12943","12966","13023","13069","13078","13166","13218","13400","13854","14004","14200","14457","14873",
"마포구","75~79세","계","","8982","9087","9200","9383","9519","9562","9713","9726","9874","9944","10058","10105","10322","10445","10609","10852","11037","11078","11115","11124","11124","11194","11217","11188","11196","11308","11206","11075","10735","10735","10777","10743","10750","10711","10623","10546","10631","10730","10747","10815","10942","10959","11035","11059","11130","11135","11167","11203","11316",
"마포구","80~84세","계","","4738","4787","4844","5022","5223","5346","5449","5581","5716","5724","5794","5822","6004","6145","6270","6309","6466","6543","6582","6664","6865","6952","7093","7236","7321","7341","7441","7439","7420","7544","7640","7759","7981","8104","8182","8363","8548","8601","8648","8655","8659","8731","8794","8746","8805","8908","8858","8781","8646",
"마포구","85~89세","계","","2121","2176","2219","2331","2368","2391","2454","2496","2552","2577","2593","2649","2700","2726","2764","2830","2899","2951","2996","3042","3140","3200","3227","3289","3434","3487","3558","3685","3679","3719","3766","3799","3893","4001","4025","4070","4184","4257","4339","4375","4501","4517","4587","4701","4772","4809","4889","4943","5050",
"마포구","90~94세","계","","886","868","883","892","907","926","949","947","941","920","930","931","952","936","944","949","940","942","977","1007","1059","1095","1126","1182","1221","1249","1306","1319","1274","1311","1308","1353","1376","1384","1374","1401","1429","1445","1462","1483","1532","1565","1603","1635","1711","1715","1745","1798","1857",
"마포구","95~99세","계","","237","245","251","246","252","251","263","273","290","300","294","294","314","322","330","343","353","355","357","364","360","352","357","356","366","373","366","358","276","271","283","286","310","304","266","272","268","287","302","315","338","344","344","359","366","371","380","388","407",
"마포구","100세 이상","계","","198","206","212","218","227","230","234","251","255","260","272","280","280","271","277","277","287","295","299","296","304","316","320","320","325","328","337","348","108","110","110","75","74","74","54","58","66","59","55","52","51","54","54","49","49","54","54","52","52",
"양천구","합계","계","","495761","494583","491860","490708","490745","490276","489788","489010","487368","486258","485505","481845","479978","478119","476627","475018","473087","471026","469945","468145","466622","465095","463931","462285","460532","462034","460048","457781","456019","454288","452255","450487","449378","447738","445270","444010","442345","441517","440591","439252","437774","436595","435867","434351","432901","431500","430045","428537","427063",
"양천구","0~4세","계","","18144","18148","17953","17884","17895","18003","17826","17876","17715","17565","17581","17288","17116","16776","16470","16103","15723","15366","15036","14767","14384","14010","13611","13264","12918","12824","12454","12013","11781","11430","10992","10736","10429","10144","9972","9775","9542","9349","9230","9043","8832","8673","8569","8516","8390","8392","8343","8307","8272",
"양천구","5~9세","계","","21731","21461","21087","21030","21130","21084","21162","21324","21393","21355","21351","21298","21228","21131","20964","20879","20812","20633","20497","20225","20307","20196","20178","20089","20214","20275","19971","19711","19696","19393","19192","18934","18734","18266","17773","17388","17128","16936","16614","16456","16330","16019","15789","15520","15280","14893","14704","14402","14366",
"양천구","10~14세","계","","30629","30050","29537","29169","28514","27958","27613","27134","26566","26248","25917","25700","25569","25330","25370","25380","25379","25159","25050","25035","24882","24597","24458","24455","24587","24605","24741","24885","24814","24794","24709","24659","24476","24401","24255","24083","23859","23620","23611","23472","23456","23358","23468","23360","23387","23275","23091","22922","22893",
"양천구","15~19세","계","","38709","38300","37958","37577","37110","36824","36562","36312","35740","35237","34824","34263","33591","33026","32580","32048","31257","30800","30440","30176","29389","28858","28541","28256","27388","26963","26518","26107","25611","25323","25014","24931","24692","24536","24596","24769","24519","24399","24399","24391","23956","23709","23585","23594","23292","23255","23314","23514","23176",
"양천구","20~24세","계","","35116","35397","35352","35324","35354","35450","35627","35700","35309","35224","34977","34390","33786","33731","33565","33231","32648","32460","32185","31858","31439","31223","30979","30629","30059","29965","29525","29147","28666","28295","27960","27478","27040","26715","26207","25664","25171","24970","24616","24264","23752","23380","23014","22690","21986","21667","21221","20769","20117",
"양천구","25~29세","계","","31287","31166","30944","30785","30687","30832","30548","30401","30300","30428","30569","30386","30447","30478","30431","30554","30620","30696","30736","30721","30725","30969","31159","31055","31099","31366","31337","31170","30970","30894","30622","30361","30150","30028","29873","29613","29261","29035","28889","28726","28405","28242","27993","27638","27479","27321","27016","26604","26169",
"양천구","30~34세","계","","37781","37432","36953","36370","35976","35708","35373","34936","34385","33864","33435","32732","31906","31369","30788","30219","29636","29119","28839","28317","27909","27752","27530","27423","27149","27591","27215","26831","26861","26860","26856","26971","27164","27337","27411","27609","27662","27950","27952","27840","27817","28090","28155","28054","27987","27989","27877","27908","27820",
"양천구","35~39세","계","","35731","35316","34863","34921","35246","35068","35138","35296","35404","35590","35897","35620","35985","36039","35978","35642","35713","35524","35538","35406","35053","34544","34054","33361","32859","32867","32326","31813","31304","30660","29980","29454","28811","28346","27809","27310","26838","26596","26305","26012","25708","25586","25450","25316","25093","25020","24870","24610","24617",
"양천구","40~44세","계","","47195","46787","46104","45667","45330","44886","44258","43657","43094","42316","41407","40868","40320","39744","39176","38891","38467","37800","37428","37021","36870","36481","36379","36357","36602","36641","36618","36577","36512","36632","36744","36428","36545","36443","36270","35813","35997","35927","35935","35964","35807","35352","35166","34642","34196","33788","33491","33189","32985",
"양천구","45~49세","계","","47791","47903","47768","47535","47504","47526","47873","47748","47745","47985","48409","48282","47810","47811","47867","47743","47492","47423","46810","46492","46079","45743","45338","45111","44584","44209","43634","43104","42530","41780","40920","40679","40053","39598","39085","38930","38399","37916","37602","37171","36924","36622","36649","36649","36725","36655","36769","36859","36805",
"양천구","50~54세","계","","45150","45057","44749","44465","44209","43789","43406","43139","42602","42046","41659","41396","41295","41042","40766","40394","40121","39875","40321","40737","40872","40978","41033","40721","40490","40829","41005","40858","40993","41348","41658","41695","41603","41697","41649","41595","41265","41416","41056","40812","40431","40207","39853","39695","39220","38815","38215","37724","37190",
"양천구","55~59세","계","","36265","36571","36834","37217","37130","37540","37937","38217","38557","39111","39144","38690","38741","38745","38694","38958","39041","39161","38837","38206","38122","38097","37948","37702","37286","37122","36722","36492","36121","35550","35280","35286","35279","35087","34677","34475","34422","34210","34434","34738","34971","35088","35134","34850","34911","34896","35009","34970","34940",
"양천구","60~64세","계","","23522","23873","24101","24589","25633","26028","26408","26872","27653","28011","28546","28869","29209","29059","29380","29742","30108","30268","30786","31139","31661","31916","32236","32598","32536","32953","33178","33403","33929","34387","34448","34248","34449","34504","34360","34593","34760","34807","34528","34046","33962","33870","33665","33437","33202","32859","32448","32178","31739",
"양천구","65~69세","계","","17184","17305","17563","17781","18125","18360","18646","18965","19147","19246","19229","19187","19442","19894","20081","20254","20462","20665","20825","20902","21161","21501","21728","22157","23044","23497","23900","24414","24987","25320","25854","26266","26717","26665","26941","27404","27801","28023","28514","28910","29260","29437","29770","30059","30025","30210","30447","30631","31024",
"양천구","70~74세","계","","12707","12806","12897","12930","13059","13251","13276","13121","13107","13126","13356","13468","13642","13733","13970","13973","14206","14497","14769","15041","15345","15520","15779","15956","16231","16529","16890","17220","17346","17461","17420","17507","17776","18257","18391","18576","18750","18953","19101","19189","19427","19818","20018","20431","21231","21600","21960","22392","22981",
"양천구","75~79세","계","","8328","8424","8537","8671","8796","8888","8939","8985","9135","9279","9445","9537","9796","9943","10106","10367","10554","10638","10748","10840","10902","11013","11124","11171","11295","11459","11534","11420","11337","11408","11612","11760","11989","12068","12207","12285","12513","12797","13029","13292","13609","13814","14104","14274","14548","14697","14995","15278","15493",
"양천구","80~84세","계","","4841","4859","4887","4952","5100","5092","5184","5272","5421","5494","5574","5622","5747","5888","5995","6096","6242","6295","6355","6425","6595","6671","6777","6846","6918","7020","7085","7133","7203","7316","7467","7564","7798","7918","8030","8298","8482","8546","8620","8676","8724","8815","8898","8909","9076","9237","9287","9181","9222",
"양천구","85~89세","계","","2397","2484","2517","2561","2637","2662","2664","2720","2725","2754","2798","2843","2904","2924","2982","3038","3067","3074","3131","3195","3240","3292","3334","3381","3468","3474","3525","3598","3639","3703","3760","3747","3855","3916","3938","3966","4067","4129","4166","4218","4335","4426","4491","4574","4676","4747","4773","4830","4939",
"양천구","90~94세","계","","925","921","929","949","970","980","990","966","985","986","982","985","1007","1025","1036","1055","1069","1082","1102","1131","1179","1227","1231","1240","1266","1305","1319","1344","1317","1327","1358","1401","1422","1422","1444","1480","1520","1533","1574","1615","1630","1637","1656","1694","1724","1712","1751","1813","1846",
"양천구","95~99세","계","","218","210","208","206","214","217","225","236","244","247","255","267","283","276","275","300","319","335","355","347","346","339","341","342","366","366","362","353","335","336","330","323","340","334","333","331","330","341","348","350","373","387","374","382","399","401","389","390","401",
"양천구","100세 이상","계","","110","113","119","125","126","130","133","133","141","146","150","154","154","155","153","151","151","156","157","164","162","168","173","171","173","174","189","188","67","71","79","59","56","56","49","53","59","64","68","67","65","65","66","67","74","71","75","66","68",
"강서구","합계","계","","574594","577254","588123","591653","593703","595148","596319","595691","597473","598190","599611","602104","603772","606823","607877","608255","608361","606981","605068","603611","602886","602230","600240","598273","595703","593203","589536","585901","582804","582995","581265","579768","578426","578465","575813","574638","573711","572382","569978","568826","567159","565133","563515","562194","560094","558229","557177","556370","555696",
"강서구","0~4세","계","","25245","25572","26692","27018","27168","27183","27144","27034","26994","26908","26923","26863","26250","26194","25786","25348","24927","24554","23851","23269","22504","22108","21417","20904","20010","19301","18502","17688","17048","16696","16171","15806","15372","15072","14809","14509","14208","13997","13590","13483","13143","12874","12699","12531","12350","12237","12075","12153","12167",
"강서구","5~9세","계","","22934","22901","23572","23585","23592","23605","23672","23615","23711","23826","23974","24165","24055","24228","24263","24249","23971","23853","23755","23814","23710","23622","23545","23465","23212","22972","22507","22220","21964","21844","21540","21151","20635","20351","19893","19402","18994","18713","18290","17986","17548","17265","16884","16603","16060","15639","15260","14824","14395",
"강서구","10~14세","계","","26452","26298","26502","26302","25697","25287","24787","24238","23815","23612","23342","23137","22957","22867","22968","23001","22923","22740","22638","22439","22187","22097","21903","21684","21506","21532","21422","21262","21234","21346","21321","21316","21246","21330","21254","21196","21000","20824","20646","20549","20455","20362","20350","20272","20158","20033","19848","19724","19484",
"강서구","15~19세","계","","33342","33028","33090","32824","32527","32281","32112","31882","31555","31195","30919","30547","30260","29790","29287","28873","28476","28019","27548","27188","26881","26537","26213","25899","25237","24696","24154","23550","23138","22797","22493","22326","22076","21901","21911","22010","21989","21730","21593","21438","21202","21046","20851","20703","20600","20566","20586","20667","20637",
"강서구","20~24세","계","","38800","39259","39759","40048","40212","40322","40423","40509","40426","40348","40149","39989","39792","39842","39685","39187","38592","38333","37924","37547","37238","36796","36303","35759","35531","35338","34944","34309","34116","33915","33647","33079","32767","32423","31715","31094","30829","30547","30154","29741","29493","29127","28692","28296","27503","27026","26494","25646","25190",
"강서구","25~29세","계","","43300","43365","44116","44315","44191","44629","44895","44699","44846","45249","45984","46585","47291","48243","49003","49661","50030","50474","50668","50707","51262","51874","52358","52571","52752","52828","53176","53505","53487","53609","53604","53456","53189","53286","53021","52521","51793","51467","50895","50487","49918","49255","48780","48324","47909","47726","47740","47312","46755",
"강서구","30~34세","계","","57427","57251","58080","57818","57485","57059","56681","56217","55798","55158","54782","54568","54096","53933","53775","53262","53043","52441","52029","51656","51160","51150","50945","50875","50469","50637","50509","50522","50653","51194","51388","51857","52420","53125","53637","54147","54346","54803","54766","54630","54380","54625","54653","54736","54685","54499","54737","55146","55032",
"강서구","35~39세","계","","48562","48566","50005","50799","51482","51730","52207","52269","52794","53403","54016","54495","55183","56178","56479","56620","56810","56968","56912","56867","56241","55638","54826","53866","52881","51945","50919","50119","49268","48826","48065","47489","46659","46202","45655","44996","44491","44026","43708","43626","43332","43038","43143","43213","43016","43264","43013","42899","43128",
"강서구","40~44세","계","","49858","50039","50808","51002","51051","51033","50646","50332","50115","49638","49113","49161","48905","48899","48662","48599","48063","47366","46892","46416","46368","46020","45888","46080","46073","45914","45843","45680","45592","45925","46157","46158","46417","46654","46511","46438","46644","46663","46609","46641","46195","45732","45116","44446","43759","43113","42620","42307","41857",
"강서구","45~49세","계","","44563","44896","45692","45733","45769","45978","46346","46383","46787","47171","47681","48130","48422","48752","49071","49226","49378","49633","49230","49100","49102","49032","48632","48424","48038","47610","46845","46211","45815","45227","44464","44060","43624","43333","42860","42626","42173","41509","41197","40788","40670","40283","40243","40460","40549","40465","40664","40679","40796",
"강서구","50~54세","계","","48688","48539","48695","48599","48322","47966","47439","46982","46281","45330","44994","45064","44896","44788","44399","44003","43885","43411","43577","44054","44105","44262","44319","44006","43805","43736","43732","43568","43593","44026","44181","44377","44263","44428","44417","44641","44814","45080","44492","44410","44306","44262","43956","43853","43577","43246","42809","42457","42188",
"강서구","55~59세","계","","44665","45224","46265","47045","47168","47525","47961","48228","48952","49744","49769","49683","49837","49807","49533","49742","49935","49885","49479","48672","48230","47737","47204","46593","46132","45429","44570","43904","42844","41861","41405","41191","40867","40616","40037","39569","39420","39099","39276","39794","39902","39911","40010","39699","39585","39537","39727","39728","39913",
"강서구","60~64세","계","","30308","30840","31514","32278","33619","34087","34739","35353","36464","37057","37782","38655","39280","39321","39920","40452","40947","41262","41751","42222","42995","43392","43750","44070","44065","44233","44361","44379","44675","45325","45324","44944","44967","44808","44257","44361","44351","44234","43833","43157","42790","42330","41938","41505","41086","40518","39890","39508","38850",
"강서구","65~69세","계","","22518","22933","23878","24271","24788","25181","25509","25940","26334","26427","26349","26374","26691","27250","27574","27811","28124","28227","28332","28583","28903","29337","29485","30006","31057","31465","31894","32417","33007","33614","34192","34852","35151","35131","35481","36000","36442","36805","37324","37716","38437","38795","39116","39455","39381","39506","39870","40117","40644",
"강서구","70~74세","계","","16423","16634","16993","17154","17294","17601","17743","17615","17669","17756","18076","18412","18836","19143","19364","19541","19948","20313","20696","20984","21361","21595","22124","22350","22749","22940","23162","23479","23479","23525","23516","23494","23720","24219","24417","24600","24937","25137","25257","25527","25797","26194","26350","26902","27924","28346","28802","29399","30247",
"강서구","75~79세","계","","10521","10754","10989","11125","11300","11461","11600","11748","12038","12269","12524","12760","13259","13628","13986","14324","14663","14716","14764","14847","14949","15058","15164","15282","15375","15576","15703","15525","15382","15465","15761","15986","16354","16580","16683","16877","17190","17503","17908","18175","18508","18684","19160","19421","19840","20052","20337","20795","21040",
"강서구","80~84세","계","","6248","6310","6479","6623","6801","6893","6967","7162","7303","7396","7430","7616","7747","7884","7963","8075","8206","8310","8493","8606","8873","9073","9187","9327","9473","9593","9664","9801","9915","10077","10267","10347","10652","10935","11163","11458","11739","11811","11862","11956","12063","12161","12254","12330","12442","12625","12752","12744","12782",
"강서구","85~89세","계","","3127","3200","3310","3393","3476","3540","3628","3657","3718","3775","3854","3924","4004","4056","4106","4166","4275","4289","4283","4337","4423","4451","4494","4590","4743","4810","4893","4999","5065","5130","5154","5271","5395","5439","5467","5544","5639","5712","5826","5914","6143","6273","6374","6445","6569","6661","6713","6915","7120",
"강서구","90~94세","계","","1187","1203","1228","1252","1275","1287","1307","1311","1337","1382","1391","1399","1424","1445","1475","1520","1564","1550","1619","1664","1722","1769","1797","1833","1899","1941","2013","2031","1968","2021","2041","2042","2080","2071","2067","2070","2127","2131","2138","2182","2229","2249","2273","2333","2412","2459","2522","2633","2736",
"강서구","95~99세","계","","254","261","273","285","299","310","321","326","343","350","362","376","398","387","389","400","405","432","426","430","458","464","467","471","474","478","490","493","472","480","479","484","483","472","483","502","509","509","532","544","559","580","589","581","606","623","625","625","637",
"강서구","100세 이상","계","","172","181","183","184","187","190","192","191","193","196","197","201","189","188","189","195","196","205","201","209","214","218","219","218","222","229","233","239","89","92","95","82","89","89","75","77","76","82","82","82","89","87","84","86","83","88","93","92","98",
"구로구","합계","계","","454161","457516","458226","457131","457390","457560","456547","454604","454252","453526","451754","449600","447874","445770","443288","441559","440396","440305","439234","438486","438889","439328","439850","439371","438308","436707","435751","432488","426675","424582","422361","421163","419984","418709","416570","418418","417983","417774","416815","415651","414271","413099","412441","411916","410727","410488","409707","408238","406761",
"구로구","0~4세","계","","21777","21908","21933","21673","21429","21413","21278","21119","20719","20586","20285","19913","19196","18924","18495","18086","17188","16879","16629","16290","15778","15641","15705","15662","15109","14646","14316","13947","13150","12888","12553","12370","11802","11666","11517","11663","11278","11082","10911","10702","10288","10146","10126","10098","9820","9760","9733","9796","9615",
"구로구","5~9세","계","","18292","18335","18241","18105","18137","18315","18413","18398","18417","18469","18378","18268","18345","18312","18123","17914","17558","17518","17407","17190","17084","17107","17124","16981","16815","16703","16508","16162","15889","15610","15430","15216","14898","14652","14373","14137","13883","13694","13425","13193","13003","12807","12562","12283","11953","11643","11308","10993","10605",
"구로구","10~14세","계","","18440","18323","18063","17742","17347","16945","16631","16353","16098","15977","15819","15598","15461","15445","15481","15540","15492","15399","15384","15296","15214","15160","15159","15131","15075","15164","15170","15166","15043","15054","14968","14988","14974","14899","14754","14639","14654","14637","14572","14443","14266","14221","14154","14052","13951","13864","13727","13533","13398",
"구로구","15~19세","계","","22636","22388","22139","21980","21863","21744","21536","21222","21101","20831","20655","20378","20069","19777","19424","19048","18725","18432","18262","18119","17912","17715","17513","17257","16814","16374","16106","15787","15425","15306","15142","14979","14863","14667","14668","14705","14745","14622","14626","14595","14535","14492","14404","14446","14385","14468","14536","14575","14558",
"구로구","20~24세","계","","27140","27515","27769","27676","27624","27849","27783","27779","27790","27858","27604","27281","27095","26828","26577","26267","26003","25911","25821","25724","25602","25363","25230","25101","24868","24780","24559","24139","23862","23538","23263","22929","22719","22516","22171","21918","21613","21481","21054","20713","20449","20085","19755","19516","19067","18783","18548","18089","17749",
"구로구","25~29세","계","","33929","33922","33860","33692","33256","33161","32930","32784","32430","32592","32673","32584","32103","32222","32166","32262","31989","32272","32353","32574","32460","32901","33353","33305","33095","33126","33251","33477","33254","33086","32633","32527","32460","32413","32356","32620","32221","32077","31975","31802","31463","31165","30869","30611","30468","30453","30213","29850","29723",
"구로구","30~34세","계","","45751","45506","44784","43969","43545","43002","42229","41405","40793","39971","39017","38315","37472","36831","36025","35232","34584","34222","33711","33456","33334","33484","33452","33514","33590","33506","33623","33493","32992","33042","32991","33218","33037","33171","33294","34409","34346","34507","34565","34453","34297","34367","34478","34454","34138","34337","34436","34728","34602",
"구로구","35~39세","계","","40607","40639","40686","40643","40665","40602","40624","40314","40276","40365","40397","39921","40048","40030","39921","39432","39086","39053","38860","38593","38312","37987","37681","37240","36693","36134","35699","34986","34206","33460","32781","32502","32040","31630","31195","31450","31076","30938","30843","30739","30516","30465","30537","30566","30448","30547","30520","30513","30316",
"구로구","40~44세","계","","40271","40911","41012","40822","40308","40068","39677","39256","38621","38193","37676","37568","36956","36554","36098","35924","35293","34816","34412","33987","33781","33551","33645","33739","33575","33501","33543","33304","32822","32801","32847","32628","32928","32995","32916","32892","32932","33000","32961","32861","32520","32293","32028","31605","31233","30992","30524","30062","29583",
"구로구","45~49세","계","","36103","36520","36875","36888","36852","37119","37275","37286","37445","37731","37901","37996","37889","37899","37866","38106","37967","38389","38184","38079","37684","37712","37637","37366","36606","36287","35765","35215","34093","33650","33095","32848","32226","31858","31447","31309","30936","30524","30090","29795","29612","29388","29229","29357","29402","29505","29678","29645","29500",
"구로구","50~54세","계","","38910","39472","39426","39316","38998","38854","38618","38289","38054","37494","37331","37289","36441","36213","35917","35896","35801","35817","36112","36588","36443","36501","36479","36394","36192","36174","36219","35824","35283","35466","35745","35723","35505","35467","35292","35435","35342","35544","35242","35208","34858","34900","34797","34652","34173","33792","33388","33017","32306",
"구로구","55~59세","계","","35978","36803","37346","37626","38088","38508","38829","38940","39147","39380","39228","38962","39111","38868","38523","38624","39538","39719","39408","39114","39482","39340","38908","38684","38280","37832","37590","36830","35781","35313","35009","34995","34458","34243","33760","33597","33117","33017","33254","33758","33419","33392","33572","33634","33445","33578","33720","33716","33600",
"구로구","60~64세","계","","25172","25475","25521","25812","27121","27271","27520","27740","28956","29216","29525","29822","30855","30307","30412","30434","31334","31314","31398","31675","32786","32838","33012","33218","34164","34200","34090","33960","34158","34182","33974","33629","34210","34180","33786","33754","34581","34501","34147","33405","33685","33405","33085","32769","32853","32400","32036","31599","31667",
"구로구","65~69세","계","","19032","19196","19527","19768","20204","20323","20466","20777","21032","21044","20932","20890","21049","21312","21341","21327","21524","21763","21866","21911","22277","22657","22784","23095","23795","24081","24582","24947","25474","25671","26078","26398","26807","26732","27039","27304","27746","27987","28279","28682","29098","29172","29399","29698","29919","30123","30247","30363","30679",
"구로구","70~74세","계","","14209","14363","14504","14604","14702","14925","14988","14877","14914","14939","15149","15299","15537","15583","15747","15819","16075","16236","16501","16731","17032","17232","17597","17800","18235","18380","18560","18906","18931","18985","18889","18872","19037","19324","19341","19432","19693","19914","20052","20137","20442","20674","20723","20987","21642","21940","22397","22709","23374",
"구로구","75~79세","계","","8688","8876","9000","9087","9319","9431","9508","9661","9800","10050","10215","10357","10820","11144","11483","11743","12014","12099","12226","12209","12345","12502","12691","12776","12926","13135","13206","13135","13104","13050","13267","13381","13623","13653","13773","13889","14109","14279","14594","14833","15141","15200","15528","15757","16110","16278","16433","16696","16861",
"구로구","80~84세","계","","4257","4337","4447","4569","4676","4765","4888","5016","5194","5331","5432","5588","5753","5855","5950","6074","6285","6448","6608","6789","7080","7233","7366","7432","7608","7721","7833","7951","8008","8176","8300","8424","8786","9022","9255","9511","9733","9871","9962","9962","10072","10176","10291","10388","10490","10673","10762","10736","10823",
"구로구","85~89세","계","","1961","1998","2062","2115","2188","2209","2271","2300","2349","2360","2371","2397","2466","2452","2497","2553","2630","2697","2731","2776","2844","2914","3006","3121","3247","3335","3455","3553","3643","3747","3809","3925","3976","3996","4017","4095","4261","4377","4498","4588","4767","4885","4986","5055","5169","5231","5336","5414","5492",
"구로구","90~94세","계","","710","737","736","738","747","727","753","750","765","788","810","816","836","838","867","897","914","904","934","956","997","1038","1060","1100","1152","1151","1186","1210","1224","1210","1234","1262","1287","1277","1286","1328","1360","1367","1383","1400","1440","1454","1492","1549","1629","1675","1714","1765","1847",
"구로구","95~99세","계","","181","168","169","177","189","195","197","201","208","207","211","208","227","231","227","231","245","262","273","274","286","294","293","299","304","309","316","317","274","295","302","307","305","298","289","292","309","303","328","332","352","361","374","385","375","392","399","394","415",
"구로구","100세 이상","계","","117","124","126","129","132","134","133","137","143","144","145","150","145","145","148","150","151","155","154","155","156","158","155","156","165","168","174","179","59","52","51","42","43","50","41","39","48","52","54","50","48","51","52","54","57","54","52","45","48",
"금천구","합계","계","","257662","258532","258496","258030","258099","258462","257954","256167","255274","254662","253667","254654","255082","254711","253646","253491","253344","252752","252359","254021","254244","254061","252868","251820","251370","250554","249641","247835","244564","244685","244887","244891","244901","245231","243872","242818","242467","242567","242076","241105","240680","240153","239577","239070","238431","238305","237847","237562","236657",
"금천구","0~4세","계","","9199","9193","9225","9190","9202","9241","9264","9183","8976","8977","8892","9056","8962","8871","8657","8593","8318","8245","8118","8169","7876","7767","7624","7446","7075","6899","6694","6470","6040","5950","5820","5731","5537","5512","5414","5338","5159","5073","4981","4889","4604","4538","4471","4443","4269","4263","4219","4192","4097",
"금천구","5~9세","계","","8348","8290","8214","8102","8120","8151","8115","8076","8102","8087","7993","8007","8139","8160","8187","8147","8076","7990","7924","7865","7898","7832","7765","7705","7674","7618","7470","7310","7220","7140","7071","6950","6744","6585","6434","6236","6148","6095","6006","5849","5736","5604","5491","5376","5221","5085","4964","4820","4650",
"금천구","10~14세","계","","9836","9662","9517","9361","9078","8876","8690","8511","8274","8163","8055","7993","7968","7939","7857","7784","7664","7535","7433","7396","7378","7320","7248","7117","7117","7085","6992","6957","6990","6961","6890","6822","6765","6739","6707","6638","6562","6485","6472","6375","6339","6288","6227","6174","6097","6093","6049","5947","5860",
"금천구","15~19세","계","","13887","13638","13418","13225","13036","12972","12779","12459","12190","12019","11814","11688","11481","11248","11005","10772","10498","10281","10057","9878","9689","9455","9302","9108","8778","8543","8319","8123","7971","7801","7676","7596","7537","7489","7417","7331","7212","7128","7041","7009","6923","6903","6823","6774","6723","6717","6666","6667","6679",
"금천구","20~24세","계","","16832","16968","17037","17039","16904","16931","16910","16845","16720","16696","16512","16459","16431","16351","16231","16014","15921","15737","15665","15750","15698","15530","15367","15210","15108","15042","14958","14724","14496","14325","14176","13965","13796","13643","13301","12901","12631","12422","12228","11970","11835","11621","11448","11205","10920","10712","10448","10221","9977",
"금천구","25~29세","계","","20192","20198","20273","20227","20054","20178","20089","19980","19643","19742","19833","19969","19802","20044","20204","20423","20394","20669","20953","21480","21532","22096","22219","22406","22565","22774","23255","23499","23526","23792","23951","24204","24313","24491","24607","24422","24220","24343","24293","23988","24032","23885","23774","23529","23283","23235","23025","22874","22559",
"금천구","30~34세","계","","23737","23481","23159","22840","22698","22481","22045","21690","21503","21133","20742","20749","20591","20564","20369","20234","20023","19684","19639","19795","19790","19868","19752","19757","19833","19932","20055","20083","20035","20442","20878","21393","21652","22072","22365","22659","22809","23231","23340","23431","23455","23675","23864","24023","24131","24308","24562","24900","24975",
"금천구","35~39세","계","","19969","19846","19837","19767","19843","19732","19700","19466","19420","19460","19425","19505","19905","20057","20069","19915","19829","19867","19875","20109","20072","19944","19642","19330","19057","18874","18570","18345","18018","17860","17819","17756","17567","17500","17333","17171","17131","17018","16962","16996","16909","16943","16929","16949","16983","17063","17109","17285","17205",
"금천구","40~44세","계","","22719","22780","22535","22348","21864","21746","21507","21102","20534","20178","19807","19765","19390","19197","18891","18808","18429","18065","17800","17529","17441","17257","17167","17042","16965","16714","16721","16537","16344","16427","16499","16443","16673","16780","16750","16563","16581","16703","16732","16639","16507","16420","16161","15914","15755","15718","15510","15451","15306",
"금천구","45~49세","계","","23555","23770","23884","23773","23564","23588","23619","23404","23126","23119","23192","23259","23047","22989","22884","22911","22624","22649","22348","22401","21995","21738","21439","21129","20559","20332","19891","19487","18605","18282","17989","17718","17232","16992","16565","16453","16081","15801","15635","15364","15243","15035","15072","15021","14914","14823","14888","14845","14738",
"금천구","50~54세","계","","25257","25521","25408","25357","25272","25197","25126","24884","24916","24540","24319","24552","24293","24022","23671","23509","23471","23413","23490","23845","23643","23526","23408","23132","22871","22715","22532","22172","21544","21621","21617","21629","21367","21392","21253","21038","20827","20772","20487","20401","20013","19847","19552","19458","19009","18832","18525","18191","17666",
"금천구","55~59세","계","","21117","21774","22063","22390","22736","23199","23474","23525","23631","23940","24022","24008","24252","24251","24272","24546","25260","25413","25306","25366","25559","25429","25125","24953","24789","24513","24236","23713","23262","22946","22713","22721","22383","22261","21806","21592","21293","21175","21222","21375","21223","21150","21204","21095","20975","20917","20893","20821","20557",
"금천구","60~64세","계","","14303","14477","14634","14858","15555","15651","15767","15972","16790","16904","17078","17365","17851","17561","17531","17665","18197","18259","18452","18699","19372","19572","19619","19825","20471","20563","20587","20573","20732","20957","21097","20922","21516","21545","21476","21548","22041","22079","21884","21477","21663","21480","21254","21158","21253","21017","20887","20690","20776",
"금천구","65~69세","계","","10832","10858","11003","11127","11393","11464","11571","11698","11883","11911","11871","11875","12018","12240","12305","12321","12428","12452","12485","12580","12721","12858","13002","13212","13578","13697","13841","14079","14383","14569","14803","14995","15232","15224","15351","15555","15912","16112","16400","16698","17052","17268","17378","17602","17819","18047","18268","18418","18706",
"금천구","70~74세","계","","8495","8563","8624","8595","8663","8817","8917","8854","8820","8842","8902","8981","9123","9091","9121","9118","9195","9294","9402","9545","9720","9801","9924","10068","10249","10302","10393","10539","10482","10508","10528","10498","10583","10770","10729","10801","10918","10938","10997","11068","11260","11407","11560","11744","12088","12243","12401","12634","13074",
"금천구","75~79세","계","","5030","5102","5183","5292","5433","5501","5518","5561","5663","5780","5956","6077","6335","6571","6744","6989","7156","7221","7308","7344","7356","7447","7524","7489","7542","7667","7725","7655","7498","7523","7559","7626","7785","7807","7816","7800","7923","8063","8147","8257","8401","8433","8593","8707","8896","8963","9044","9176","9260",
"금천구","80~84세","계","","2548","2574","2622","2665","2783","2818","2893","2952","3031","3080","3149","3223","3307","3318","3377","3425","3507","3587","3653","3739","3890","3962","4051","4143","4273","4348","4379","4446","4475","4588","4742","4828","5030","5217","5354","5527","5653","5702","5759","5763","5759","5856","5918","5910","5954","6095","6168","6131","6131",
"금천구","85~89세","계","","1115","1144","1155","1185","1200","1207","1247","1275","1311","1346","1353","1373","1402","1451","1475","1523","1511","1516","1569","1625","1699","1748","1764","1799","1885","1942","2005","2061","2054","2076","2138","2177","2254","2269","2272","2309","2394","2434","2480","2538","2667","2721","2773","2871","2981","2993","2989","3038","3130",
"금천구","90~94세","계","","451","449","442","426","431","441","454","457","455","454","458","462","496","487","491","486","535","546","555","573","576","576","583","605","628","631","651","693","698","722","723","727","731","735","731","744","772","791","809","815","863","886","888","909","950","973","1011","1029","1066",
"금천구","95~99세","계","","132","136","154","149","154","147","144","144","151","149","149","140","144","156","165","167","162","177","173","181","183","175","178","175","183","189","189","191","146","148","150","159","170","175","162","159","169","167","167","170","159","154","157","170","175","178","189","201","217",
"금천구","100세 이상","계","","108","108","109","114","116","124","125","129","135","142","145","148","145","143","140","141","146","152","154","152","156","160","165","169","170","174","178","178","45","47","48","31","34","33","29","33","31","35","34","33","37","39","40","38","35","30","32","31","28",
"영등포구","합계","계","","420898","423518","422925","421436","421871","421351","420449","417811","417209","414901","410757","406779","402985","402967","401908","402024","403988","404501","403724","403600","404556","404229","402478","400986","404766","405154","405982","407367","403070","402375","401814","400908","400241","399722","398938","398085","398999","398842","398290","397800","397942","397771","397514","397173","396834","396841","396202","395248","394382",
"영등포구","0~4세","계","","17115","17197","17091","17017","16912","17035","17072","16983","16762","16787","16646","16489","15802","15900","15878","15704","15356","15386","15215","14974","14671","14589","14324","14111","13927","13770","13717","13798","13239","13100","12737","12511","12094","11977","11829","11676","11354","11255","11062","10933","10551","10501","10453","10305","10069","10232","10206","10236","10251",
"영등포구","5~9세","계","","14939","14945","14821","14566","14578","14599","14553","14456","14449","14490","14291","14103","13972","14014","13988","13889","13816","13751","13667","13577","13550","13571","13556","13494","13759","13758","13828","13930","13997","13967","13983","13806","13489","13366","13360","13177","13032","12891","12706","12495","12325","12113","11895","11674","11304","11041","10819","10564","10141",
"영등포구","10~14세","계","","15497","15239","15026","14734","14324","14133","13803","13428","13190","12978","12850","12664","12474","12514","12410","12457","12460","12417","12268","12088","11993","11984","11903","11733","11815","11855","11899","11971","12060","12113","12075","12128","12178","12119","12144","12105","11991","11978","11876","11730","11708","11726","11729","11641","11648","11621","11604","11526","11509",
"영등포구","15~19세","계","","19991","19689","19359","19161","18980","18674","18432","18178","17957","17757","17376","17084","16695","16532","16270","15891","15617","15401","15103","14892","14806","14514","14238","14015","13825","13572","13351","13142","12950","12625","12525","12368","12347","12252","12204","12218","12295","12231","12161","12068","11972","11915","11834","11814","11744","11680","11744","11773","11767",
"영등포구","20~24세","계","","25041","25202","25289","25279","25258","25258","25226","25194","25033","24843","24422","23928","23802","23784","23700","23481","23328","23222","23171","23176","23183","23026","22860","22602","22797","22723","22571","22614","22501","22469","22355","22158","22070","21881","21830","21440","21410","21107","20730","20423","20246","19915","19709","19261","18797","18512","18345","17861","17534",
"영등포구","25~29세","계","","34361","34716","34685","34721","34337","34381","34284","34053","33488","33677","33556","33631","33092","33399","33618","33896","34116","34642","35081","35332","35563","35987","36245","36612","37140","37437","37870","38449","38425","38303","38422","38238","38107","38085","38154","38130","38403","38564","38774","38731","38766","38648","38407","38397","38323","38145","37880","37494","37339",
"영등포구","30~34세","계","","42060","41860","41318","40841","40801","40549","40194","39749","39812","39020","38347","37573","36955","36691","36550","36552","36624","36713","36666","36719","36733","36873","36919","36846","37281","37659","38191","38441","38141","38363","38632","39021","38982","39250","39738","40142","40469","40959","41350","41627","41764","42270","42631","43072","43114","43543","43633","43955","43892",
"영등포구","35~39세","계","","35768","35793","35592","35370","35388","35212","35394","35301","35387","35464","35325","34940","34739","35144","35381","35364","35803","35873","36043","36042","35963","35881","35565","35177","35513","35565","35481","35853","35744","35402","35000","34643","34345","33971","33734","33362","33310","33236","33048","33128","33279","33509","33668","33731","33672","33972","34028","34072","34081",
"영등포구","40~44세","계","","38013","38112","37781","37476","36819","36608","36044","35486","34573","34044","33223","32743","31922","31737","31334","31334","30766","30407","30005","29656","29539","29414","29276","29297","29531","29475","29848","30197","29929","30176","30404","30412","30503","30836","30957","30892","31070","31178","31327","31354","31078","30899","30713","30474","30196","30071","29810","29780","29526",
"영등포구","45~49세","계","","35016","35603","35805","35604","35561","35705","35749","35401","35343","35398","35437","35195","34719","34845","34764","34853","34805","35060","34658","34562","34157","33889","33323","32894","32469","32270","31819","31412","30436","30001","29484","29221","28872","28557","28283","28089","27695","27244","26948","26776","26717","26632","26615","26632","26718","26665","26771","26801","26710",
"영등포구","50~54세","계","","37752","38450","38441","38174","37946","37613","37372","36988","36793","35831","35333","35055","34208","34032","33611","33569","33460","33465","33505","33939","33497","33419","33250","32966","32975","33013","33058","32922","32396","32570","32740","32761","32434","32550","32430","32350","32127","32297","31928","31859","31586","31351","31152","31012","30568","30329","29968","29618","29001",
"영등포구","55~59세","계","","33961","34768","35125","35530","35779","36133","36396","36415","36405","36578","36041","35653","35554","35197","34768","34978","36040","36192","35856","35616","35903","35675","35234","34853","34830","34458","34188","33666","32687","32198","31964","31970","31456","31198","30713","30393","29894","29727","29889","30329","30098","30139","30319","30371","30367","30412","30536","30475","30321",
"영등포구","60~64세","계","","22576","22818","22978","23134","24489","24469","24656","24698","25987","25956","25932","25877","26638","26090","26016","26075","27093","26978","27122","27354","28535","28516","28435","28514","29531","29528","29335","29284","29368","29517","29385","29155","29817","29729","29277","29301","29935","29813","29516","28838","29202","28923","28676","28334","28654","28286","27984","27622","27792",
"영등포구","65~69세","계","","17575","17620","17848","17889","18306","18267","18371","18624","18823","18698","18339","18162","18139","18445","18563","18477","18587","18548","18527","18416","18597","18752","18831","19037","19772","20046","20335","20735","20963","21141","21420","21690","22046","21928","22174","22330","22874","22951","23322","23705","24184","24335","24400","24685","24827","25044","25079","25239","25510",
"영등포구","70~74세","계","","13958","13942","13987","13918","13996","14129","14165","13955","13905","13909","13976","13817","13941","13915","13915","13902","14076","14204","14346","14479","14724","14756","14955","15013","15336","15431","15621","15922","15773","15734","15626","15621","15710","16022","16018","15997","16088","16116","16062","16027","16184","16400","16504","16691","17326","17518","17730","17937","18436",
"영등포구","75~79세","계","","9204","9383","9455","9540","9648","9699","9712","9738","9867","9879","10000","10023","10254","10516","10783","11033","11191","11292","11366","11436","11418","11483","11502","11484","11546","11718","11806","11715","11475","11455","11628","11582","11754","11713","11713","11776","11947","12042","12179","12316","12518","12570","12779","12913","13123","13209","13332","13524","13638",
"영등포구","80~84세","계","","4548","4619","4738","4838","5055","5162","5262","5417","5632","5759","5803","5950","6118","6190","6269","6388","6576","6626","6698","6802","7019","7142","7216","7352","7495","7514","7578","7677","7660","7769","7852","7949","8173","8370","8508","8724","8898","8963","9050","9054","9111","9128","9154","9122","9171","9287","9336","9264","9265",
"영등포구","85~89세","계","","2186","2214","2227","2268","2289","2302","2342","2357","2387","2412","2438","2447","2494","2551","2603","2671","2717","2782","2847","2919","3012","3065","3132","3228","3430","3548","3618","3732","3769","3887","3966","4076","4208","4257","4261","4317","4468","4488","4548","4551","4725","4861","4903","5023","5095","5125","5168","5205","5280",
"영등포구","90~94세","계","","862","868","877","888","902","921","919","919","922","920","919","926","948","952","967","975","1014","993","1024","1056","1105","1103","1115","1150","1167","1176","1219","1252","1184","1215","1245","1248","1290","1304","1299","1339","1385","1440","1449","1483","1541","1541","1580","1626","1704","1732","1801","1865","1943",
"영등포구","95~99세","계","","240","242","240","245","255","249","243","253","268","272","277","291","288","286","286","301","303","311","312","316","325","326","334","338","356","366","370","368","307","306","304","297","312","308","272","286","304","303","301","310","323","326","325","329","345","354","364","372","381",
"영등포구","100세 이상","계","","235","238","242","243","248","253","260","218","226","229","226","228","231","233","234","234","240","238","244","249","263","264","265","270","271","272","279","287","66","64","67","53","54","49","40","41","50","59","64","63","64","69","68","66","69","63","64","65","65",
"동작구","합계","계","","421990","422234","421304","419261","419460","418520","415598","412774","413282","413969","414261","413247","412520","411217","410703","408493","406715","407275","407925","409385","412031","412000","410487","408912","407802","406776","404617","401572","398205","397231","396122","394364","394649","395030","392628","390432","390377","390843","390740","389714","389576","389541","387792","387352","386897","386593","385786","384281","384624",
"동작구","0~4세","계","","17188","17140","17126","17124","16968","16910","16681","16525","16322","16252","16126","16012","15540","15321","15107","14807","14296","14220","13952","13785","13594","13403","13047","12708","12293","11989","11546","11143","10764","10598","10246","10019","9742","9583","9357","9155","8979","8920","8741","8579","8419","8365","8251","8182","8093","8073","8084","8095","8140",
"동작구","5~9세","계","","15605","15546","15365","15251","15178","15259","15215","15221","15165","15161","15264","15201","15134","15107","15044","14890","14692","14708","14657","14555","14395","14436","14392","14297","14153","14150","14009","13778","13643","13586","13401","13278","13023","12928","12783","12461","12247","12158","11986","11742","11477","11258","10968","10650","10265","9958","9654","9430","9154",
"동작구","10~14세","계","","16804","16677","16424","16218","15895","15577","15207","14870","14575","14527","14364","14240","14157","14062","14072","14038","13846","13752","13788","13654","13634","13615","13492","13357","13185","13208","13201","13211","13154","13146","13139","13045","13026","13002","12920","12776","12746","12766","12672","12566","12380","12410","12321","12269","12202","12150","12044","11845","11707",
"동작구","15~19세","계","","21864","21568","21360","20879","20689","20584","20377","20062","19857","19702","19680","19416","19087","18870","18617","18331","17861","17643","17517","17525","17473","17198","16969","16860","16310","15861","15434","15036","14591","14417","14372","14284","14521","14373","14376","14358","14301","14235","14274","14203","14067","13971","13844","13825","13836","13994","14221","14148","14243",
"동작구","20~24세","계","","30427","30553","30900","30592","30846","30793","30989","30982","31288","31389","31503","31299","31494","31385","31880","31301","31377","31343","31414","31800","32206","32156","31934","31549","31555","30959","30658","30100","29216","28966","29019","28578","28623","28903","28748","28799","28921","28627","28759","28494","28728","28628","28159","28143","27768","27564","27459","26791","27052",
"동작구","25~29세","계","","37712","37820","37435","37183","36896","36846","36309","35604","35804","36178","36212","36319","36511","36703","36793","36702","36901","37486","37897","38171","38954","39547","39726","39776","40085","40265","40286","40304","40108","39953","39755","39510","39426","39673","39791","39688","39968","40156","40186","40128","39997","39803","39443","39337","39433","39386","39172","38850","38626",
"동작구","30~34세","계","","43197","42716","41908","40946","40443","39960","38986","38286","37878","37490","36983","36546","35906","35264","34931","34280","33536","33431","33259","33169","33240","33380","33238","33147","33056","33133","32964","32748","32793","32918","32938","33049","33231","33573","33552","33533","33675","34072","34188","34359","34554","35215","35291","35476","35723","35821","35968","36257","36312",
"동작구","35~39세","계","","35347","35133","35138","35110","35051","35010","34934","34773","34744","34968","35153","35107","35165","35201","35048","34723","34583","34654","34616","34720","34554","34166","33566","32867","32298","32016","31415","30994","30541","30205","29683","29266","28887","28714","28352","27862","27466","27447","27328","27206","26941","27100","27034","27026","26979","27077","27050","27065","27412",
"동작구","40~44세","계","","36083","36118","35858","35629","35559","35169","34557","34056","33720","33405","32995","32761","32272","31856","31544","31410","30882","30595","30386","30011","29967","29693","29717","29677","29489","29450","29402","29251","29011","29120","29173","29049","29233","29381","29339","28920","29115","29194","29129","29034","28769","28511","27973","27626","27180","26954","26642","26402","26022",
"동작구","45~49세","계","","30835","31181","31301","31179","31360","31614","31835","31691","31966","32405","32764","32912","32848","33046","33015","32975","32870","33114","32970","32979","33030","32872","32507","32302","32097","31848","31325","30805","30322","29945","29408","29098","28831","28534","28056","27748","27465","27203","26954","26584","26376","26098","26092","26135","26030","25960","25916","25905","25747",
"동작구","50~54세","계","","33610","33571","33293","33008","32748","32335","31841","31558","31294","30814","30689","30517","30353","30133","29886","29726","29598","29432","29784","30327","30638","30725","30635","30520","30572","30630","30871","30576","30617","30934","31263","31507","31473","31573","31403","31277","31136","31338","31079","30946","30890","30806","30497","30318","30133","29835","29364","29025","28807",
"동작구","55~59세","계","","30491","30826","31155","31548","31683","31841","31814","31850","32088","32488","32535","32411","32519","32468","32172","32170","32307","32345","32145","31949","32247","32075","31770","31421","30946","30703","30240","29838","29302","28732","28468","28361","28284","28147","27834","27467","27320","27115","27423","27770","27906","28041","28166","28104","28172","28367","28560","28525","28740",
"동작구","60~64세","계","","22037","22204","22183","22267","23070","23296","23409","23686","24359","24610","25040","25275","25521","25257","25692","25885","26255","26419","26737","27261","27637","27725","27887","28205","28385","28525","28592","28598","28747","28979","28951","28707","28879","28831","28254","28157","28272","28262","28077","27629","27737","27512","27282","27060","26825","26518","26089","25904","25668",
"동작구","65~69세","계","","18409","18452","18775","18898","19147","19054","19048","19154","19326","19257","19058","18969","19028","19209","19175","19086","19076","19121","19201","19282","19533","19697","19775","19985","20540","20789","21086","21314","21564","21814","22171","22442","22551","22443","22700","22872","23005","23228","23438","23737","23987","24149","24357","24584","24676","24809","24947","25025","25215",
"동작구","70~74세","계","","14721","14846","14881","14857","14927","15117","15042","14867","14862","14883","15030","15043","15169","15182","15180","15136","15207","15319","15628","15869","16092","16179","16390","16507","16726","16742","16888","17112","17199","17093","16897","16797","16913","17098","16962","16900","16904","16953","16952","16905","17067","17115","17159","17337","17834","18019","18282","18565","18937",
"동작구","75~79세","계","","9171","9280","9462","9593","9807","9882","9928","10026","10200","10395","10676","10800","11114","11345","11660","11954","12135","12240","12284","12389","12474","12542","12620","12656","12690","12866","12865","12711","12636","12648","12839","12869","13046","13114","13047","13059","13121","13256","13452","13614","13788","13883","14066","14174","14345","14403","14499","14601","14697",
"동작구","80~84세","계","","4804","4872","4980","5124","5244","5317","5383","5497","5695","5845","5938","6110","6294","6365","6406","6516","6659","6726","6887","7060","7270","7370","7499","7651","7862","7980","8050","8126","8162","8294","8456","8538","8809","8990","9083","9251","9416","9497","9572","9602","9626","9708","9819","9886","9975","10160","10190","10083","10151",
"동작구","85~89세","계","","2285","2326","2362","2425","2518","2526","2562","2575","2618","2657","2693","2745","2811","2854","2891","2939","2991","3053","3065","3083","3221","3304","3381","3448","3535","3601","3665","3794","3887","3967","4004","4101","4252","4276","4250","4325","4439","4507","4605","4684","4866","4898","4965","5070","5217","5309","5354","5421","5561",
"동작구","90~94세","계","","964","957","934","959","936","922","951","965","978","997","997","1008","1034","1034","1036","1063","1071","1084","1127","1179","1249","1266","1297","1319","1352","1378","1418","1435","1402","1409","1427","1417","1426","1425","1421","1428","1461","1490","1508","1510","1571","1627","1659","1691","1726","1741","1782","1833","1923",
"동작구","95~99세","계","","246","253","258","261","281","290","306","300","306","307","313","303","315","314","310","315","324","333","348","347","348","369","355","370","368","372","385","382","365","349","353","362","374","381","333","335","356","352","350","364","369","374","379","391","417","430","443","453","452",
"동작구","100세 이상","계","","190","195","206","210","214","218","224","226","237","239","248","253","248","241","244","246","248","257","263","270","275","282","290","290","305","311","317","316","181","158","159","87","99","88","67","61","64","67","67","58","61","69","67","68","68","65","66","58","58",
"관악구","합계","계","","534868","534617","533792","531960","533109","531912","531145","529031","530072","529254","528187","525607","525515","523859","522849","520929","522292","521960","521685","520040","520645","519864","519953","517334","516662","516318","514555","509803","504140","502698","501572","499449","500336","500841","500750","501226","502628","502430","500582","497883","497827","497632","496469","495620","497213","498000","497998","497391","498136",
"관악구","0~4세","계","","18824","18820","18825","18694","18489","18483","18397","18185","17822","17686","17380","17097","16557","16333","16008","15538","14911","14625","14356","13988","13285","13023","12621","12322","11673","11248","10809","10314","9707","9405","9057","8813","8486","8296","8157","8045","7821","7671","7515","7340","7095","7020","6892","6812","6661","6675","6622","6705","6657",
"관악구","5~9세","계","","16856","16726","16587","16371","16324","16140","16032","15920","15929","15859","15733","15595","15483","15363","15235","15038","14778","14670","14469","14173","13982","13902","13931","13694","13447","13325","13154","12801","12433","12280","11957","11637","11340","11161","10949","10661","10314","10159","9917","9668","9352","9218","8922","8693","8384","8147","7904","7662","7322",
"관악구","10~14세","계","","18486","18228","17885","17569","17075","16786","16454","16106","15814","15668","15456","15255","15023","14884","14812","14749","14594","14425","14348","14145","13883","13710","13634","13494","13335","13198","13066","12927","12841","12751","12682","12541","12450","12253","12085","11934","11769","11636","11492","11342","11238","11146","11098","10949","10877","10826","10754","10586","10378",
"관악구","15~19세","계","","24859","24533","24158","23838","23754","23531","23292","23009","22742","22413","22004","21582","21430","21060","20738","20082","19909","19543","19183","18921","18895","18529","18223","17745","17458","17130","16723","16178","15785","15584","15331","15025","15195","15035","14972","14899","15166","14924","14720","14437","14331","14201","14109","14130","14240","14149","14174","14177","14350",
"관악구","20~24세","계","","39263","39504","39857","39681","40245","40149","40375","40352","41131","41427","41536","41008","41470","41245","41361","40833","41570","41624","41708","41646","42294","42033","41934","41202","41539","41714","41408","40485","40141","39822","39730","39406","40217","40256","40345","39794","39833","39458","38860","38103","38213","38019","37743","37543","37685","37323","37127","36284","36813",
"관악구","25~29세","계","","58159","58164","58050","58131","58237","58311","58385","58156","58309","58884","59465","60000","60702","61352","61940","62559","63675","64717","65822","66354","67548","68622","69379","69774","70235","71236","71654","71836","71733","72114","72306","72282","72557","73476","74711","75236","75801","76213","75708","74907","74364","73987","73339","73320","73416","73655","73539","73507","73527",
"관악구","30~34세","계","","62568","61909","61009","59833","59412","58523","57716","56988","56441","55589","54670","53671","52907","52227","51626","51095","50880","50563","50427","50164","50065","50255","50307","50342","50604","50936","51062","50689","50670","50967","51278","51809","52336","53075","53747","54960","55785","56580","57196","57159","57929","58784","59298","59502","60126","60766","61163","61787","61987",
"관악구","35~39세","계","","45808","45368","45243","45133","45277","45170","45275","45042","45148","45170","45347","45017","45248","45425","45374","45045","44987","44953","44826","44465","43854","43230","42829","41882","41239","40725","39905","39117","38270","37695","37152","36566","36104","35739","35390","35171","35001","34838","34544","34398","34335","34415","34443","34625","35051","35428","35701","35861","36186",
"관악구","40~44세","계","","45174","45211","44915","44673","44114","43813","43388","42845","42199","41639","40863","40270","39665","39011","38473","38201","37537","36895","36424","35715","35356","34962","34908","34770","34598","34489","34466","34125","33798","33851","33902","33614","33724","33911","33814","33620","33569","33585","33494","33440","33166","32773","32359","31747","31298","30970","30555","30190","29847",
"관악구","45~49세","계","","38378","38653","38885","38717","38850","39014","39159","39184","39576","39820","40180","40376","40146","40169","40268","40195","40262","40397","39939","39955","39688","39504","39138","38826","38187","37726","37201","36493","35466","34808","34134","33701","33180","32671","32111","31779","31346","30891","30562","30033","29815","29560","29459","29315","29464","29371","29556","29570","29494",
"관악구","50~54세","계","","40406","40403","40262","40040","39829","39511","39165","38875","38658","38004","37719","37583","37287","36914","36578","36349","36211","36045","36308","36540","36621","36666","36826","36521","36449","36439","36487","36105","35888","36159","36437","36435","36299","36361","36161","36247","36150","36185","35790","35685","35492","35371","35001","34796","34477","34296","33925","33586","32946",
"관악구","55~59세","계","","37480","37634","37874","38302","38418","38782","39002","39252","39451","39748","39670","39417","39640","39499","39267","39313","39794","39887","39471","38895","38762","38321","38043","37689","37169","36694","36285","35677","34936","34339","33940","33824","33467","33253","32812","32569","32422","32164","32352","32721","32775","32936","33087","32910","32989","33135","33229","33220","33385",
"관악구","60~64세","계","","28017","28266","28217","28401","29509","29680","29962","30132","31080","31316","31672","31784","31875","31469","31683","31886","32377","32299","32564","32830","33407","33414","33662","33879","34065","34117","34129","34181","34072","34276","34222","33925","34295","34107","33783","33864","34231","34194","33768","33232","33267","32935","32704","32393","32246","31987","31633","31317","31077",
"관악구","65~69세","계","","23298","23367","23663","23799","24112","24108","24240","24532","24709","24659","24498","24402","24539","24787","24783","24753","24673","24686","24627","24482","24503","24678","24742","24946","25663","25771","26109","26323","26537","26600","26920","27138","27116","26983","27202","27424","27789","27865","28154","28531","28913","29038","29210","29573","29613","29904","30032","30231","30438",
"관악구","70~74세","계","","18361","18608","18758","18806","18936","19145","19140","18933","18905","18789","18950","18975","19182","19233","19194","19114","19249","19429","19658","19927","20086","20113","20415","20530","20777","20851","20981","21260","21133","21091","21024","20913","20990","21269","21279","21286","21238","21282","21264","21227","21261","21495","21542","21680","22398","22564","22871","23150","23652",
"관악구","75~79세","계","","10331","10570","10865","11056","11289","11413","11624","11788","12151","12454","12718","13017","13479","13822","14220","14665","15012","15111","15259","15265","15345","15531","15720","15783","15829","16123","16198","16031","15697","15622","15841","15865","15994","16073","16045","15989","16133","16335","16543","16775","16973","17082","17358","17520","17778","17882","18014","18323","18523",
"관악구","80~84세","계","","4930","4957","5032","5182","5376","5452","5565","5721","5913","6009","6112","6265","6493","6612","6787","6928","7182","7343","7513","7688","8011","8228","8454","8617","8837","8926","9105","9313","9385","9637","9842","10063","10477","10726","11027","11455","11718","11785","11894","11941","12049","12219","12343","12399","12496","12762","12846","12737","12749",
"관악구","85~89세","계","","2305","2325","2333","2376","2467","2506","2547","2613","2650","2653","2712","2749","2818","2877","2891","2959","3014","3043","3065","3128","3241","3279","3318","3424","3610","3681","3774","3864","3910","3961","4056","4158","4337","4399","4440","4536","4747","4851","4951","5055","5307","5460","5601","5666","5858","5936","6083","6201","6363",
"관악구","90~94세","계","","907","908","905","887","907","899","933","905","942","953","973","1009","1026","1016","1043","1054","1072","1083","1094","1139","1175","1214","1223","1248","1290","1321","1361","1409","1335","1336","1348","1356","1376","1407","1370","1402","1429","1450","1494","1514","1554","1571","1554","1636","1745","1791","1828","1850","1965",
"관악구","95~99세","계","","243","242","245","248","260","265","254","250","249","254","264","266","272","291","292","300","326","335","332","328","341","345","340","341","349","352","363","352","299","294","305","317","325","316","298","302","307","304","306","322","342","346","348","360","362","385","397","402","431",
"관악구","100세 이상","계","","215","221","224","223","229","231","240","243","253","260","265","269","273","270","276","273","279","287","292","292","303","305","306","305","309","316","315","323","104","106","108","61","71","74","52","53","59","60","58","53","56","56","59","51","49","48","45","45","46",
"서초구","합계","계","","448263","448511","452922","454288","453564","451697","452488","451258","450085","450005","450906","451477","450310","447936","447177","445401","445164","443989","441539","438163","437007","435631","435258","435107","434801","433062","429995","429025","425103","422174","420045","416167","413677","411515","409025","408451","408979","408753","410766","412078","412275","411959","412611","413076","412715","412204","417288","419295","420387",
"서초구","0~4세","계","","20563","20613","21126","21168","20947","20826","20766","20419","19932","19757","19523","19325","18797","18372","17925","17417","16930","16612","16201","16015","15625","15296","14938","14840","14443","13976","13550","13239","12857","12442","12377","12097","11709","11435","11166","10993","10767","10616","10515","10533","10361","10287","10238","10261","10206","10246","10526","10722","10805",
"서초구","5~9세","계","","21053","21043","21371","21579","21671","21787","21847","22079","22226","22241","22370","22452","22599","22540","22436","22360","22361","22183","21930","21796","21762","21625","21587","21503","21526","21307","21128","20913","20562","20367","20226","19891","19492","19037","18736","18345","18075","17775","17637","17596","17351","16945","16714","16696","16409","16074","16141","16009","15917",
"서초구","10~14세","계","","24690","24434","24547","24453","24096","23675","23452","23026","22814","22631","22568","22643","22592","22579","22666","22771","22884","22782","22960","22891","22624","22476","22429","22494","22611","22774","22878","23247","23335","23236","23308","23172","23164","23064","23036","23049","22996","22908","22902","22868","22868","22842","23001","22997","22917","22767","23042","22990","22978",
"서초구","15~19세","계","","28221","28035","28229","28153","27898","27577","27748","27641","27224","26939","26955","26751","26394","25867","25806","25470","25201","24860","24688","24291","24022","23704","23768","23731","23301","22868","22566","22318","21997","21858","21669","21566","21389","21403","21580","21798","21953","21875","22155","22248","22087","21991","21976","22133","22257","22350","22590","23097","23238",
"서초구","20~24세","계","","28471","28565","28917","28928","28817","28763","28862","28806","28680","28649","28595","28330","28003","27811","27844","27414","27134","27025","26814","26556","26313","26199","26071","25851","25747","25718","25562","25343","24985","24644","24414","23926","23622","23390","23067","22806","22576","22469","22461","22412","22276","22161","22101","22058","21620","21361","21435","21204","20987",
"서초구","25~29세","계","","32251","32304","32389","32252","32036","31928","31722","31448","31424","31454","31617","31695","31666","31644","31721","31819","31763","31897","31731","31473","31353","31408","31452","31347","31309","31131","30648","30404","29823","29612","29282","28843","28432","28252","28291","28073","28090","28177","28355","28330","28258","28169","27971","27814","27733","27698","27830","27773","27487",
"서초구","30~34세","계","","42032","41658","41534","41020","40286","39641","39213","38562","37737","37333","36841","36337","35628","35065","34446","33723","33171","32676","32238","31783","31546","31553","31464","31463","31267","31005","30558","30207","29983","29769","29647","29274","29037","28968","28875","28905","29022","29360","29607","29664","29665","29880","30040","30016","29860","29887","30161","30253","30102",
"서초구","35~39세","계","","38230","38049","38621","38876","39111","39050","39300","39418","39406","39496","39634","39709","39685","39678","39543","39061","39220","39037","38762","38462","38144","37648","37087","36523","36074","35460","34646","34113","33270","32437","31921","31312","30597","29899","29344","28894","28659","28460","28488","28467","28434","28333","28415","28329","28232","28189","28628","28755","28740",
"서초구","40~44세","계","","44102","44111","44267","44217","43975","43497","43052","42551","42282","41883","41551","41457","41221","40640","40261","40042","39667","39153","38619","38118","37862","37420","37286","37414","37573","37490","37450","37601","37308","37286","37512","37165","37051","36913","36742","36386","36447","36375","36580","36879","36769","36274","35926","35539","35176","34805","35005","34919","34740",
"서초구","45~49세","계","","36899","37226","37810","38227","38538","38797","39407","39677","40107","40651","41384","41978","42098","42267","42391","42631","42837","43059","42719","42630","42615","42535","42336","42069","41922","41538","40896","40591","40124","39548","39083","38727","38359","37959","37526","37603","37263","36823","36640","36367","36241","36020","36120","36424","36618","36555","37133","37485","37684",
"서초구","50~54세","계","","33678","33533","33722","33781","33594","33230","33095","33063","32754","32350","32235","32311","32461","32295","32369","32349","32644","32594","32815","32956","33219","33393","33639","33815","34110","34454","34740","35015","35354","35688","35939","36093","36151","36421","36480","36644","36948","37235","37412","37715","37827","37985","37929","37836","37701","37551","37680","37506","37508",
"서초구","55~59세","계","","30703","30913","31278","31596","31257","31053","31219","31305","31335","31740","31843","31733","31549","31292","30949","30876","30792","30923","30562","29880","29759","29601","29648","29565","29463","29204","28821","28729","28408","27820","27349","26998","27022","26988","26912","27010","27250","27195","27593","28032","28296","28646","28968","29130","29558","29906","30662","31124","31720",
"서초구","60~64세","계","","21948","22143","22287","22569","23272","23445","23754","23983","24359","24756","25257","25772","25884","25748","26082","26263","26505","26574","26613","26561","26797","26920","27098","27356","27123","27074","27057","27136","26888","27072","26825","26425","26248","26075","25567","25598","25605","25663","25660","25306","25286","25235","25217","25108","24999","24801","24973","25150","25096",
"서초구","65~69세","계","","17770","17839","18247","18469","18688","18693","18790","18833","19000","18842","18657","18608","18691","18769","18897","18901","19059","19091","19112","18978","19064","19180","19202","19412","19991","20315","20496","20838","21057","21281","21588","21831","21926","21890","21913","22066","22305","22334","22542","22880","23131","23198","23411","23612","23368","23358","23716","23848","24026",
"서초구","70~74세","계","","12276","12462","12657","12770","12830","13030","13236","13195","13308","13486","13757","13971","14210","14285","14421","14518","14773","15041","15175","15167","15378","15466","15736","15893","16121","16204","16257","16353","16322","16078","15774","15534","15638","15743","15744","15839","15955","16015","16247","16365","16523","16680","16733","16935","17406","17668","18110","18537","18892",
"서초구","75~79세","계","","7418","7496","7661","7793","7903","7967","8143","8221","8380","8563","8796","8959","9206","9392","9632","9825","10060","10204","10208","10177","10291","10419","10575","10646","10754","10974","11052","11114","11062","11154","11162","11236","11448","11601","11622","11742","11990","12227","12482","12722","12912","13087","13391","13512","13686","13758","13991","14089","14280",
"서초구","80~84세","계","","4085","4171","4281","4390","4548","4620","4694","4804","4873","4959","5014","5099","5224","5276","5329","5477","5617","5708","5771","5809","5941","6037","6113","6239","6341","6375","6442","6470","6545","6659","6720","6808","6971","7087","7151","7305","7570","7672","7803","7972","8117","8244","8335","8450","8580","8737","8958","9002","9139",
"서초구","85~89세","계","","2397","2440","2476","2522","2526","2546","2578","2603","2607","2631","2652","2680","2731","2737","2750","2754","2776","2773","2807","2782","2810","2826","2866","2960","3116","3163","3219","3329","3328","3345","3390","3424","3535","3521","3530","3641","3726","3784","3867","3893","4008","4060","4174","4228","4322","4404","4532","4598","4728",
"서초구","90~94세","계","","1020","1022","1053","1072","1087","1094","1110","1124","1116","1115","1125","1139","1166","1172","1200","1227","1233","1225","1238","1244","1275","1314","1347","1365","1377","1389","1386","1412","1390","1400","1375","1369","1386","1381","1341","1345","1367","1374","1383","1398","1409","1454","1480","1533","1602","1620","1694","1739","1802",
"서초구","95~99세","계","","303","295","294","299","316","306","325","317","336","341","342","334","314","324","323","322","352","386","389","407","419","417","413","412","413","423","419","420","365","365","367","382","402","385","347","355","356","352","374","367","388","402","405","402","400","402","415","428","447",
"서초구","100세 이상","계","","153","159","155","154","168","172","175","183","185","188","190","194","191","183","186","181","185","186","187","187","188","194","203","209","219","220","224","233","140","113","117","94","98","103","55","54","59","64","63","64","68","66","66","63","65","67","66","67","71",
"강남구","합계","계","","570701","574226","579102","583446","583699","581256","582109","581760","578862","576413","574974","572140","570500","568425","565731","561052","557865","551888","549255","547453","546875","547602","549043","550209","549898","546158","544085","544055","539538","536107","538075","537800","537338","536710","534988","534103","537817","542327","546291","550282","559720","562136","564280","563215","563189","562526","562382","562508","560293",
"강남구","0~4세","계","","20913","21375","21574","21978","21926","21829","21996","21917","21480","21106","20730","20342","19856","19501","18971","18374","17866","17374","16893","16532","16081","15851","15587","15439","14971","14458","13904","13675","13307","12919","12638","12418","12128","11961","11741","11541","11610","11859","12014","12078","12381","12406","12351","12339","12373","12307","12359","12507","12518",
"강남구","5~9세","계","","21411","21363","21721","22066","22235","22438","22733","23122","23343","23364","23389","23318","23595","23396","23312","23210","23325","23113","22889","22889","23296","23216","23241","23402","23751","23437","23333","23210","22991","22579","22602","22430","22176","21707","21298","20908","20995","20833","21019","21041","21720","21374","21148","20970","20748","20291","19915","19627","19320",
"강남구","10~14세","계","","29697","29395","29458","29616","29221","28465","28180","27811","27395","27058","27019","26940","26992","26853","27034","27231","27531","27279","27468","27476","27774","27578","27859","28114","28543","28574","28805","29194","29412","29378","29824","29848","30096","29967","30120","30014","30420","30455","30661","30969","31987","31994","32417","32457","32669","32511","32507","32278","32040",
"강남구","15~19세","계","","41405","41320","41532","41409","40867","40578","40654","40394","39503","39116","38890","38324","37275","36893","36717","35880","34726","34082","33973","33643","32803","32549","32803","32497","31613","30919","30690","30089","29222","28957","29505","29473","29338","29472","30035","30275","30228","30456","30990","31056","31039","31099","31505","31305","31141","31374","31892","32024","31908",
"강남구","20~24세","계","","39961","40589","41040","41272","40839","40703","40547","40443","40010","39860","39842","39328","38737","38608","38331","37714","36866","36315","36156","35734","34983","35106","35068","34690","34275","34065","34032","33765","32936","32612","32604","32190","31528","31433","31261","30584","29865","29901","29803","29633","29361","29489","29367","29000","28353","28043","27621","27077","26372",
"강남구","25~29세","계","","44995","45076","45388","45412","45244","45103","44859","44306","43887","43860","43634","43526","43391","43573","43343","43060","42752","42565","42413","42140","42191","42728","42661","42754","42563","42394","41772","41597","40812","40373","40221","40033","39767","39662","39322","39035","39269","39657","39663","39666","39867","39966","39690","39063","38755","38482","38164","37942","37259",
"강남구","30~34세","계","","56309","56422","56120","55839","55335","54496","53829","52913","51941","50748","49711","48499","47432","46549","45618","44424","43660","42694","41972","41547","41119","41228","41228","41270","41188","40899","40526","40207","39678","39303","39238","39193","39197","39275","39226","39542","40160","41084","41645","41937","42866","43667","43880","43926","43758","43727","43444","43419","43002",
"강남구","35~39세","계","","46195","46462","47157","47967","48523","48550","49133","49421","49506","49633","49801","49432","49868","49950","49476","48713","48683","48179","47901","47747","47439","46977","46455","45900","45476","44562","43624","43175","42413","41330","40517","39925","39331","38631","38075","37583","37757","37903","38244","38439","38886","38988","39193","39236","39205","39288","39326","39196","38875",
"강남구","40~44세","계","","52484","52404","52498","52809","52588","51949","51730","51463","50910","50098","49337","49023","48789","48188","47757","47556","47467","46653","46221","45946","46480","46190","46510","46859","47544","47130","47278","47545","47615","47612","48003","47773","47958","48056","47804","47401","48260","48719","49352","49978","50900","50732","50568","49825","49505","48852","48472","48037","47506",
"강남구","45~49세","계","","50717","51266","51833","52336","52792","53198","53335","53580","53985","54539","55052","55395","55424","55449","55540","55328","55108","54779","54387","54344","54172","54035","53835","53979","53662","53206","52803","52514","51662","50890","50726","50737","50410","49999","49531","49664","49759","49628","49708","49882","51105","51093","51682","52029","52372","52412","52747","53072","53246",
"강남구","50~54세","계","","45597","45904","46244","46416","45956","45418","45357","45399","44682","43995","43751","43568","43533","43606","43468","43257","42990","42407","42488","42844","42745","43272","43745","44027","44237","44502","44663","44957","45396","45888","46853","47528","47760","48137","48337","48506","48813","49398","49449","49807","50385","50528","50438","50334","50222","50025","49801","49729","49172",
"강남구","55~59세","계","","39079","39445","39856","40316","39984","39809","39880","39960","39943","40151","40041","39723","39487","39168","38662","38360","38094","37777","37456","36872","36850","36868","36913","36818","36414","36071","35801","35919","35408","34915","34883","34937","35118","35268","35132","35116","35290","35419","35771","36535","37227","37665","38050","38156","38512","38958","39148","39336","39876",
"강남구","60~64세","계","","27420","27843","28185","28566","29693","29807","30289","30701","31319","31707","32313","32791","32954","32716","32923","32885","32938","32660","32626","32654","32838","32993","33109","33435","33059","32844","32912","33112","33084","33167","33239","33089","32956","32807","32270","32219","32294","32744","32684","32655","33334","33416","33324","33105","32908","32737","32627","32734","32349",
"강남구","65~69세","계","","21523","21834","22363","22685","22982","23031","23207","23536","23748","23538","23150","22953","23289","23621","23717","23751","23838","23664","23592","23679","23836","24180","24287","24599","25483","25685","26034","26516","26948","27422","28037","28635","28815","28731","28897","29094","29440","29721","30021","30369","30916","31120","31201","31363","31003","31089","31188","31363","31449",
"강남구","70~74세","계","","14531","14807","15071","15323","15592","15789","15955","15961","15956","16132","16511","16798","17177","17331","17490","17572","17869","18123","18349","18636","18977","19100","19582","19859","20091","20142","20257","20630","20747","20565","20317","20186","20538","20971","21006","21203","21468","21660","21779","22093","22581","22944","23121","23302","24204","24437","24839","25302","25899",
"강남구","75~79세","계","","8658","8807","8983","9201","9468","9560","9753","9902","10154","10308","10515","10716","10981","11210","11447","11706","11874","11900","12029","12153","12375","12618","12844","13042","13231","13414","13574","13589","13581","13743","14113","14430","14820","15062","15174","15322","15735","16177","16459","16802","17314","17462","17883","18079","18277","18465","18538","18905","19217",
"강남구","80~84세","계","","5050","5115","5225","5291","5427","5487","5561","5725","5863","5946","6032","6114","6255","6299","6358","6407","6606","6660","6743","6872","7018","7114","7206","7357","7510","7554","7704","7845","7943","8050","8273","8463","8761","8978","9165","9370","9529","9688","9853","10031","10296","10525","10707","10834","11087","11307","11416","11434","11515",
"강남구","85~89세","계","","2961","2998","3034","3115","3170","3163","3185","3234","3226","3225","3210","3279","3350","3356","3418","3463","3499","3472","3491","3507","3569","3638","3717","3705","3790","3819","3860","3979","4028","4068","4125","4148","4247","4244","4293","4400","4595","4667","4798","4896","5048","5122","5182","5280","5426","5502","5638","5714","5885",
"강남구","90~94세","계","","1278","1285","1287","1282","1300","1302","1341","1363","1384","1390","1382","1392","1430","1460","1464","1480","1481","1471","1487","1513","1580","1609","1642","1706","1723","1705","1707","1733","1720","1726","1740","1785","1794","1762","1756","1778","1773","1792","1790","1834","1894","1923","1943","1971","2021","2061","2077","2146","2204",
"강남구","95~99세","계","","333","334","347","354","362","378","381","395","405","413","435","442","456","470","455","447","456","475","473","480","493","496","484","485","494","494","516","507","478","477","483","472","494","484","463","469","472","474","493","491","511","531","539","557","566","570","570","581","590",
"강남구","100세 이상","계","","184","182","186","193","195","203","204","214","222","226","229","237","229","228","230","234","236","246","248","245","256","256","267","272","280","284","290","297","157","133","134","107","106","103","82","79","85","92","95","90","102","92","91","84","84","88","93","85","91",
"송파구","합계","계","","678912","677460","675021","671794","672371","671984","670489","667480","663904","662605","662413","664946","667483","667898","668366","671173","671994","673161","673582","673507","685361","686181","684338","682741","680883","678067","676673","673926","667115","664341","664996","663965","668261","668638","665847","664514","663704","662872","661515","660025","659661","658768","657991","656310","654127","652908","652094","649759","656388",
"송파구","0~4세","계","","29494","29383","29238","29121","28935","28948","28620","28287","27775","27539","27420","27444","27417","27210","26733","26782","26350","26151","25849","25575","25963","25750","25190","24742","24020","23344","22804","22147","21188","20431","20663","20385","20244","19888","19422","19096","18722","18372","17866","17603","17220","16954","16793","16742","16666","16529","16504","16427","16955",
"송파구","5~9세","계","","29243","28998","28826","28619","28666","28679","28669","28832","28694","28659","28632","28627","29156","29178","29010","28968","28846","28715","28685","28591","29372","29412","29288","29288","29230","29115","29033","28933","28586","28373","28420","28248","28426","28174","27774","27284","26892","26630","26248","25967","25761","25415","25060","24679","24232","23827","23504","23042","23080",
"송파구","10~14세","계","","35576","35038","34413","33778","32970","32359","31649","30823","30055","29679","29420","29212","29184","29030","29268","29447","29378","29144","29127","28893","29222","29035","28940","28804","28731","28804","28929","29160","29119","29107","29099","29050","29569","29664","29602","29527","29439","29392","29337","29246","29173","29152","29161","29206","29067","29169","29167","29040","29390",
"송파구","15~19세","계","","42797","42357","41797","41463","41216","40817","40509","40202","39546","39084","38520","38088","37547","36968","36674","36206","35679","35186","34849","34622","34526","33975","33418","33042","32164","31399","30750","30075","29387","28915","28723","28760","28722","28651","28785","28993","28826","28639","28526","28397","28169","27981","27994","27895","27603","27644","27857","28162","28512",
"송파구","20~24세","계","","45885","46048","46070","45701","45470","45595","45582","45513","45077","44909","44761","44609","44247","44214","43986","43833","43458","43503","43180","43001","43347","43090","42559","42090","41725","41401","41040","40527","39820","39531","39040","38539","38100","37728","37052","36360","35833","35347","34930","34441","33922","33477","32915","32417","31435","30865","30232","29348","29227",
"송파구","25~29세","계","","51483","51407","50896","50414","50120","50090","50007","49339","48847","48759","48723","49518","49860","50386","50788","51333","51866","52667","52892","52917","54057","54806","55109","54975","54819","54679","54580","54500","53943","53538","53308","52819","52650","52628","52301","52093","51794","51749","51448","51177","50920","50708","50167","49703","49438","49081","48546","47930","47508",
"송파구","30~34세","계","","65259","64542","63768","62455","61952","61233","60421","59431","58267","57556","56996","57125","57068","56794","56275","55827","55474","55188","55097","54859","55713","55886","55790","55673","55614","55505","55130","54443","53463","53370","53584","53696","53940","54269","54530","54826","55161","55692","55796","55839","56143","56589","57032","57150","57110","57171","57266","57343","57614",
"송파구","35~39세","계","","56130","55719","55575","55716","56099","56177","56396","56457","56702","57060","57537","57859","58920","59481","59741","60112","60738","61231","61287","61250","62268","62086","61422","60594","59929","59117","58432","57750","56530","55574","55248","54459","54202","53636","52971","52191","51560","51169","51002","50535","50522","50551","50431","50451","50514","50753","50633","50337","50948",
"송파구","40~44세","계","","62240","61947","61187","60696","60294","59791","59077","58384","57364","56416","55556","55625","55425","54841","54200","54361","53940","53354","53060","52518","53768","53587","53515","53825","54058","53948","54405","54660","54553","54787","55325","55397","56565","57040","57177","56887","57347","57621","57697","57824","57477","56986","56682","56026","55356","54866","54536","54091","54312",
"송파구","45~49세","계","","56219","56473","56660","56382","56571","56800","56870","56677","56940","57414","58044","58444","58541","58824","59137","59307","59194","59341","58820","58778","59207","59031","58247","58090","57525","57023","56425","55712","54645","53745","53043","52767","52844","52479","51797","51737","51130","50544","50152","49686","49730","49454","49570","49825","50055","50142","50539","50866","52016",
"송파구","50~54세","계","","56614","56429","56026","55313","55099","54691","54206","53724","53080","52218","51836","51822","51700","51457","51313","51362","51262","51081","51608","52200","53405","53633","53875","53561","53379","53527","53619","53466","53386","53767","54309","54615","55082","55465","55350","55188","54940","54918","54312","54262","53972","53827","53283","53051","52581","52204","51609","50933","50810",
"송파구","55~59세","계","","50734","50914","51203","51675","51607","52028","52384","52590","52761","53429","53610","53623","53452","53335","53093","53361","53572","53809","53664","53114","53796","53663","53220","52544","52215","51501","51079","50486","49675","48766","48348","48310","48603","48506","48033","47787","47667","47264","47654","47956","48116","48182","48466","48103","47950","48029","48186","48111","49040",
"송파구","60~64세","계","","34234","34735","34999","35436","37050","37700","38390","38929","39809","40364","41150","41886","42460","42275","42847","43692","44259","44698","45244","45825","47225","47487","47703","48179","47935","48004","48298","48584","48675","49273","49433","49229","49460","49424","48950","48972","49232","49254","48942","48198","48016","47768","47422","46819","46466","45878","45360","44878","44894",
"송파구","65~69세","계","","24589","24733","25219","25534","26082","26274","26504","26888","27218","27229","27129","27152","27544","28231","28784","29171","29659","29973","30243","30618","31371","31959","32336","32847","34129","34693","35423","36021","36689","37313","37989","38686","39295","39339","39743","40361","40763","41123","41550","42047","42581","42826","43022","43300","42893","43034","43238","43453","44137",
"송파구","70~74세","계","","16944","17124","17281","17329","17611","17924","18060","17981","17922","18047","18361","18700","19141","19391","19690","19972","20274","20740","21237","21596","22293","22485","22998","23357","23731","23930","24292","24753","24957","24990","24889","24823","25286","25927","26241","26529","26929","27083","27388","27622","27960","28409","28781","29233","30340","30837","31426","31826","32916",
"송파구","75~79세","계","","10506","10610","10721","10881","11025","11153","11238","11279","11488","11715","12007","12162","12494","12776","13122","13483","13786","13977","14158","14288","14519","14839","15040","15127","15362","15593","15728","15743","15681","15785","16172","16504","17090","17341","17498","17693","18022","18388","18765","19129","19554","19715","20147","20405","20774","20965","21232","21591","22137",
"송파구","80~84세","계","","6008","6014","6083","6177","6383","6467","6564","6779","6918","7015","7099","7319","7481","7590","7685","7781","7975","8020","8084","8237","8504","8580","8697","8875","8968","9042","9103","9176","9224","9456","9678","9808","10166","10413","10627","10926","11177","11325","11513","11602","11766","12001","12159","12257","12423","12598","12754","12751","12940",
"송파구","85~89세","계","","3184","3211","3271","3304","3365","3379","3403","3435","3484","3524","3581","3663","3730","3774","3827","3917","3961","4039","4101","4191","4302","4350","4394","4488","4637","4731","4835","4970","5015","5026","5081","5210","5312","5356","5350","5402","5542","5579","5579","5657","5794","5860","5976","6067","6146","6187","6280","6338","6530",
"송파구","90~94세","계","","1278","1267","1277","1287","1326","1337","1389","1371","1374","1410","1428","1455","1513","1530","1573","1607","1630","1612","1656","1685","1731","1763","1827","1860","1915","1915","1954","1986","1977","1990","2009","2041","2065","2072","2061","2079","2136","2187","2195","2215","2226","2252","2249","2290","2375","2436","2515","2594","2695",
"송파구","95~99세","계","","328","338","337","338","349","357","359","359","380","369","390","391","388","394","399","425","463","497","499","501","515","498","506","510","516","511","524","535","485","492","517","529","546","542","504","500","499","500","517","531","551","572","589","604","608","599","615","615","636",
"송파구","100세 이상","계","","167","173","174","175","181","185","192","200","203","210","213","222","215","219","221","226","230","235","242","248","257","266","264","270","281","285","290","299","117","112","118","90","94","96","79","83","93","96","98","91","88","89","92","87","95","94","95","83","91",
"강동구","합계","계","","486616","485422","483397","481332","477055","470572","466838","463321","459750","455444","452299","448471","453233","453060","446760","440359","438225","437050","434992","431920","429601","428547","430522","440390","457042","461547","462275","463998","468815","469094","467997","466472","465097","465496","464490","464037","464027","463005","462453","463318","465549","466924","469464","481474","500002","502806","503987","503997","504618",
"강동구","0~4세","계","","20333","20368","20170","20033","19637","19217","18746","18449","17992","17777","17472","17080","17332","17329","16758","16244","15846","15686","15403","14952","14466","14192","14068","14711","15668","15625","15487","15408","15704","15525","15050","14770","14371","14265","14105","13978","13721","13362","13099","12999","12889","12783","12789","13241","14078","14106","14104","14100","14172",
"강동구","5~9세","계","","19555","19408","19171","19062","18861","18814","18779","18693","18505","18398","18121","17893","18377","18310","18099","17839","17641","17454","17164","17065","16992","16986","17071","17684","19279","19485","19527","19549","20011","20059","19971","19737","19380","19289","19106","18774","18584","18423","18237","18070","18107","17866","17749","18042","18973","18677","18460","18130","17908",
"강동구","10~14세","계","","23105","22720","22456","22113","21294","20738","20213","19576","19163","18826","18515","18205","18286","18252","18196","18062","17971","17812","17766","17611","17533","17352","17289","17715","18804","19087","19192","19381","19821","19866","19907","19953","20015","20003","20027","20061","20133","20005","19904","19953","20279","20429","20613","21051","22255","22421","22534","22579","22645",
"강동구","15~19세","계","","30572","30075","29697","29235","28626","28036","27636","27429","26841","26292","25795","25277","25043","24641","23957","23282","22672","22348","21968","21712","21263","20870","20719","20860","20920","20556","20114","19703","19549","19350","19187","19025","18874","18863","18993","19155","19173","19050","19061","19085","19284","19317","19409","19995","20738","20979","21140","21416","21436",
"강동구","20~24세","계","","33558","33723","33572","33401","32968","32403","32357","32144","31783","31295","30998","30435","30357","30069","29401","28460","28042","27796","27537","27170","26709","26529","26468","26577","27077","27203","26940","26857","26813","26655","26412","25956","25452","25265","24900","24473","23872","23644","23306","23144","22888","22760","22636","22933","23094","22796","22394","21813","21568",
"강동구","25~29세","계","","35642","35381","35091","34928","34425","33810","33347","32812","32528","32243","32269","32163","32633","32755","32304","32038","31949","32077","32004","31697","31555","31892","32356","33085","34148","34780","35013","35248","35576","35366","35394","35173","34858","34744","34560","34262","34222","33966","33949","34110","34129","33951","33756","34247","35009","35216","35121","34880","34451",
"강동구","30~34세","계","","45008","44430","43575","42646","41689","40451","39370","38670","37646","36780","36037","35238","35208","34753","33857","32974","32393","32019","31661","31149","30535","30267","30603","31801","33182","33867","34162","34393","34926","35117","35037","35027","34912","35055","35193","35429","35473","35715","35818","35874","35894","36446","37121","38696","40321","40723","41121","41302","41185",
"강동구","35~39세","계","","38485","38347","38343","38378","38269","37716","37566","37257","37159","37293","37246","37004","38101","38612","38301","37645","37705","37722","37456","37044","36541","36108","35980","36928","38549","38912","38620","38656","38948","38450","37668","37026","36308","35802","35369","34903","34461","34057","33787","33769","33762","33907","34121","35361","37093","37414","37494","37398","37526",
"강동구","40~44세","계","","41432","41302","40906","40644","39982","39235","38525","38024","37337","36488","35754","35349","35497","35225","34691","34323","33917","33434","33124","32696","32711","32426","32710","33719","35993","36444","36875","37314","38249","38714","39045","39073","39364","39771","39872","39738","40087","40202","40185","40256","40274","40154","39997","40762","42602","42514","42158","41930","41551",
"강동구","45~49세","계","","40390","40354","40203","39851","39451","39233","39180","38962","38868","38889","38900","38649","38737","38857","38596","38089","37816","37796","37392","37149","36648","36537","36401","37032","38021","37971","37639","37468","37387","37073","36580","36445","36095","35888","35608","35650","35521","35101","34964","34825","35344","35300","35756","36780","38808","39210","39778","40037","40718",
"강동구","50~54세","계","","44120","43761","43326","42726","42116","41033","40331","39639","38872","37696","37090","36812","36922","36648","35643","34848","34617","34438","34537","34760","34787","34701","34815","35177","36102","36532","36664","36692","37086","37335","37648","37580","37417","37645","37738","37672","37546","37598","37346","37393","37271","37440","37512","38314","39355","39295","39033","38819","38519",
"강동구","55~59세","계","","39780","39964","40255","40757","40279","40095","40346","40419","40633","40683","40567","40121","40381","40266","39553","39055","38863","38898","38398","37448","37175","36917","36808","37029","37588","37358","36914","36536","36166","35481","35118","35082","34960","34768","34237","34002","33881","33632","33764","34208","34456","34542","34687","35396","36468","36855","37119","37192","37383",
"강동구","60~64세","계","","26129","26678","26964","27305","28465","28607","28873","29312","30022","30211","30674","31050","31737","31689","31502","31339","31810","31890","32302","32697","32944","33113","33524","34620","35310","35985","36330","36774","37376","37828","37752","37555","37614","37612","37433","37600","37647","37661","37294","36648","36516","36458","36302","36761","37627","37197","36733","36253","35766",
"강동구","65~69세","계","","18914","18998","19385","19746","20032","20114","20254","20523","20710","20659","20424","20329","20748","21270","21371","21328","21433","21684","21738","21754","22037","22459","22737","23443","25011","25672","26122","26769","27642","28205","28776","29298","29751","29802","30060","30372","30876","31089","31566","32131","32477","32704","33104","34259","35066","35651","36022","36385","36794",
"강동구","70~74세","계","","13004","13190","13357","13368","13515","13610","13698","13575","13532","13546","13834","14029","14394","14584","14562","14520","14922","15162","15465","15713","16035","16182","16618","17205","17766","18014","18271","18646","18892","19010","18923","18937","19256","19831","20102","20346","20452","20703","20866","21057","21435","21937","22261","23056","24761","25377","25842","26417","27119",
"강동구","75~79세","계","","7944","8048","8209","8256","8355","8339","8372","8478","8638","8745","8916","9028","9439","9661","9842","10132","10316","10409","10525","10592","10725","10911","11087","11240","11599","11861","12025","12027","12065","12223","12463","12619","12882","13092","13224","13373","13788","14010","14342","14611","14998","15133","15605","16165","16768","17009","17282","17574","17790",
"강동구","80~84세","계","","4682","4682","4690","4794","4917","4943","4993","5105","5180","5244","5279","5339","5447","5546","5567","5615","5729","5788","5891","5979","6096","6186","6317","6471","6679","6753","6853","6925","7078","7190","7384","7513","7834","8033","8204","8457","8635","8772","8861","8995","9160","9331","9455","9638","9946","10210","10343","10336","10441",
"강동구","85~89세","계","","2532","2581","2612","2663","2732","2727","2782","2784","2839","2856","2855","2879","2944","2933","2919","2929","2908","2946","2929","2958","3012","3035","3044","3147","3318","3365","3420","3531","3577","3682","3703","3785","3793","3810","3838","3860","4009","4039","4117","4182","4322","4371","4455","4558","4688","4748","4838","4925","5068",
"강동구","90~94세","계","","1035","1003","995","996","1007","1012","1021","1014","1037","1055","1069","1087","1143","1157","1141","1128","1143","1145","1173","1221","1261","1313","1328","1351","1420","1456","1483","1486","1472","1482","1492","1495","1515","1508","1507","1519","1521","1546","1559","1563","1593","1606","1627","1670","1776","1827","1879","1930","1984",
"강동구","95~99세","계","","236","245","256","264","262","262","268","271","273","275","285","299","305","301","294","302","328","339","351","342","362","353","355","366","367","379","372","379","360","363","363","342","366","371","342","342","350","348","348","367","387","408","429","467","499","512","515","512","520",
"강동구","100세 이상","계","","160","164","164","166","173","177","181","185","192","193","199","205","202","202","206","207","204","207","208","211","214","218","224","229","241","242","252","256","117","120","124","81","80","79","72","71","75","82","80","78","84","81","80","82","77","69","77","69","74