"기준_년분기_코드","자치구_코드","자치구_코드_명","총_직장_인구_수","남성_직장_인구_수","여성_직장_인구_수","연령대_10_직장_인구_수","연령대_20_직장_인구_수","연령대_30_직장_인구_수","연령대_40_직장_인구_수","연령대_50_직장_인구_수","연령대_60_이상_직장_인구_수","남성연령대_10_직장_인구_수","남성연령대_20_직장_인구_수","남성연령대_30_직장_인구_수","남성연령대_40_직장_인구_수","남성연령대_50_직장_인구_수","남성연령대_60_이상_직장_인구_수","여성연령대_10_직장_인구_수","여성연령대_20_직장_인구_수","여성연령대_30_직장_인구_수","여성연령대_40_직장_인구_수","여성연령대_50_직장_인구_수","여성연령대_60_이상_직장_인구_수"
"20261","11740","강동구","51554","30293","21261","0","6394","11106","12040","12175","9839","0","2934","6461","7132","7094","6672","0","3460","4645","4908","5081","3167"
"20261","11710","송파구","409883","256182","153701","455","59879","104946","109223","92010","43370","169","30317","65914","72692","57632","29458","286","29562","39032","36531","34378","13912"
"20261","11680","강남구","1079924","662335","417589","2069","214872","329426","275198","180204","78155","877","100201","204697","188865","116356","51339","1192","114671","124729","86333","63848","26816"
"20261","11650","서초구","434315","280685","153630","579","77630","122260","110191","90726","32929","260","36370","76769","75466","67808","24012","319","41260","45491","34725","22918","8917"
"20261","11620","관악구","41999","24067","17932","0","5925","10647","10425","9419","5583","0","2537","6024","6136","5384","3986","0","3388","4623","4289","4035","1597"
"20261","11590","동작구","45111","27110","18001","12","7059","11338","10748","9848","6106","6","3878","6998","6470","5859","3899","6","3181","4340","4278","3989","2207"
"20261","11560","영등포구","400232","275433","124799","581","70285","131895","105307","65868","26296","205","37127","92690","78957","48303","18151","376","33158","39205","26350","17565","8145"
"20261","11545","금천구","131583","85723","45860","305","23298","37390","31562","21640","17388","200","12427","24849","22044","13882","12321","105","10871","12541","9518","7758","5067"
"20261","11530","구로구","122194","77779","44415","196","20681","35508","30908","22067","12834","136","10570","23303","20357","13851","9562","60","10111","12205","10551","8216","3272"
"20261","11500","강서구","73335","43272","30063","0","9440","17130","18196","17774","10795","0","3900","9850","10812","11026","7684","0","5540","7280","7384","6748","3111"
"20261","11470","양천구","85678","51939","33739","95","13210","21514","21362","18641","10856","75","5743","12830","13257","11910","8124","20","7467","8684","8105","6731","2732"
"20261","11440","마포구","120344","69592","50752","13","23065","33103","29655","22007","12501","3","10291","19028","18350","13261","8659","10","12774","14075","11305","8746","3842"
"20261","11410","서대문구","35863","20845","15018","0","4147","7781","8857","10241","4837","0","1909","4655","5016","5910","3355","0","2238","3126","3841","4331","1482"
"20261","11380","은평구","31146","16417","14729","0","3217","6600","8085","7917","5327","0","1231","3415","4021","4061","3689","0","1986","3185","4064","3856","1638"
"20261","11350","노원구","28109","15085","13024","0","3196","5475","6902","7505","5031","0","1299","2932","3517","4104","3233","0","1897","2543","3385","3401","1798"
"20261","11320","도봉구","20112","11990","8122","0","1965","3933","5127","5513","3574","0","834","2275","2917","3215","2749","0","1131","1658","2210","2298","825"
"20261","11305","강북구","14740","8459","6281","0","828","2349","3652","4424","3487","0","193","1169","1978","2761","2358","0","635","1180","1674","1663","1129"
"20261","11290","성북구","68606","43212","25394","245","8330","16828","19629","17457","6117","99","3811","9433","11836","13407","4626","146","4519","7395","7793","4050","1491"
"20261","11260","중랑구","21334","13436","7898","0","2058","4454","5814","5950","3058","0","841","2533","3316","3945","2801","0","1217","1921","2498","2005","257"
"20261","11230","동대문구","50705","29015","21690","0","7574","11215","12070","11567","8279","0","3883","6782","6848","6133","5369","0","3691","4433","5222","5434","2910"
"20261","11215","광진구","56058","36147","19911","53","8541","11600","13908","15107","6849","5","4204","7325","9269","10190","5154","48","4337","4275","4639","4917","1695"
"20261","11200","성동구","73657","46216","27441","61","12038","17991","17855","15823","9889","47","5945","11298","11581","10127","7218","14","6093","6693","6274","5696","2671"
"20261","11170","용산구","176024","100620","75404","215","37562","53215","46007","29909","9116","55","13826","28882","29128","21894","6835","160","23736","24333","16879","8015","2281"
"20261","11140","중구","406487","224165","182322","1094","88336","128485","101450","64910","22212","314","34586","68234","63905","43117","14009","780","53750","60251","37545","21793","8203"
"20261","11110","종로구","223590","131787","91803","1828","39075","65997","63365","39373","13952","655","16913","36818","40315","27675","9411","1173","22162","29179","23050","11698","4541"
"20254","11740","강동구","51554","30293","21261","0","6394","11106","12040","12175","9839","0","2934","6461","7132","7094","6672","0","3460","4645","4908","5081","3167"
"20254","11710","송파구","409883","256182","153701","455","59879","104946","109223","92010","43370","169","30317","65914","72692","57632","29458","286","29562","39032","36531","34378","13912"
"20254","11680","강남구","1079924","662335","417589","2069","214872","329426","275198","180204","78155","877","100201","204697","188865","116356","51339","1192","114671","124729","86333","63848","26816"
"20254","11650","서초구","434315","280685","153630","579","77630","122260","110191","90726","32929","260","36370","76769","75466","67808","24012","319","41260","45491","34725","22918","8917"
"20254","11620","관악구","41999","24067","17932","0","5925","10647","10425","9419","5583","0","2537","6024","6136","5384","3986","0","3388","4623","4289","4035","1597"
"20254","11590","동작구","45111","27110","18001","12","7059","11338","10748","9848","6106","6","3878","6998","6470","5859","3899","6","3181","4340","4278","3989","2207"
"20254","11560","영등포구","400232","275433","124799","581","70285","131895","105307","65868","26296","205","37127","92690","78957","48303","18151","376","33158","39205","26350","17565","8145"
"20254","11545","금천구","131583","85723","45860","305","23298","37390","31562","21640","17388","200","12427","24849","22044","13882","12321","105","10871","12541","9518","7758","5067"
"20254","11530","구로구","122194","77779","44415","196","20681","35508","30908","22067","12834","136","10570","23303","20357","13851","9562","60","10111","12205","10551","8216","3272"
"20254","11500","강서구","73335","43272","30063","0","9440","17130","18196","17774","10795","0","3900","9850","10812","11026","7684","0","5540","7280","7384","6748","3111"
"20254","11470","양천구","85678","51939","33739","95","13210","21514","21362","18641","10856","75","5743","12830","13257","11910","8124","20","7467","8684","8105","6731","2732"
"20254","11440","마포구","120344","69592","50752","13","23065","33103","29655","22007","12501","3","10291","19028","18350","13261","8659","10","12774","14075","11305","8746","3842"
"20254","11410","서대문구","35863","20845","15018","0","4147","7781","8857","10241","4837","0","1909","4655","5016","5910","3355","0","2238","3126","3841","4331","1482"
"20254","11380","은평구","31146","16417","14729","0","3217","6600","8085","7917","5327","0","1231","3415","4021","4061","3689","0","1986","3185","4064","3856","1638"
"20254","11350","노원구","28109","15085","13024","0","3196","5475","6902","7505","5031","0","1299","2932","3517","4104","3233","0","1897","2543","3385","3401","1798"
"20254","11320","도봉구","20112","11990","8122","0","1965","3933","5127","5513","3574","0","834","2275","2917","3215","2749","0","1131","1658","2210","2298","825"
"20254","11305","강북구","14740","8459","6281","0","828","2349","3652","4424","3487","0","193","1169","1978","2761","2358","0","635","1180","1674","1663","1129"
"20254","11290","성북구","68606","43212","25394","245","8330","16828","19629","17457","6117","99","3811","9433","11836","13407","4626","146","4519","7395","7793","4050","1491"
"20254","11260","중랑구","21334","13436","7898","0","2058","4454","5814","5950","3058","0","841","2533","3316","3945","2801","0","1217","1921","2498","2005","257"
"20254","11230","동대문구","50705","29015","21690","0","7574","11215","12070","11567","8279","0","3883","6782","6848","6133","5369","0","3691","4433","5222","5434","2910"
"20254","11215","광진구","56058","36147","19911","53","8541","11600","13908","15107","6849","5","4204","7325","9269","10190","5154","48","4337","4275","4639","4917","1695"
"20254","11200","성동구","73657","46216","27441","61","12038","17991","17855","15823","9889","47","5945","11298","11581","10127","7218","14","6093","6693","6274","5696","2671"
"20254","11170","용산구","176024","100620","75404","215","37562","53215","46007","29909","9116","55","13826","28882","29128","21894","6835","160","23736","24333","16879","8015","2281"
"20254","11140","중구","406487","224165","182322","1094","88336","128485","101450","64910","22212","314","34586","68234","63905","43117","14009","780","53750","60251","37545","21793","8203"
"20254","11110","종로구","223590","131787","91803","1828","39075","65997","63365","39373","13952","655","16913","36818","40315","27675","9411","1173","22162","29179","23050","11698","4541"
"20253","11740","강동구","51554","30293","21261","0","6394","11106","12040","12175","9839","0","2934","6461","7132","7094","6672","0","3460","4645","4908","5081","3167"
"20253","11710","송파구","409883","256182","153701","455","59879","104946","109223","92010","43370","169","30317","65914","72692","57632","29458","286","29562","39032","36531","34378","13912"
"20253","11680","강남구","1079924","662335","417589","2069","214872","329426","275198","180204","78155","877","100201","204697","188865","116356","51339","1192","114671","124729","86333","63848","26816"
"20253","11650","서초구","434315","280685","153630","579","77630","122260","110191","90726","32929","260","36370","76769","75466","67808","24012","319","41260","45491","34725","22918","8917"
"20253","11620","관악구","41999","24067","17932","0","5925","10647","10425","9419","5583","0","2537","6024","6136","5384","3986","0","3388","4623","4289","4035","1597"
"20253","11590","동작구","45111","27110","18001","12","7059","11338","10748","9848","6106","6","3878","6998","6470","5859","3899","6","3181","4340","4278","3989","2207"
"20253","11560","영등포구","400232","275433","124799","581","70285","131895","105307","65868","26296","205","37127","92690","78957","48303","18151","376","33158","39205","26350","17565","8145"
"20253","11545","금천구","131583","85723","45860","305","23298","37390","31562","21640","17388","200","12427","24849","22044","13882","12321","105","10871","12541","9518","7758","5067"
"20253","11530","구로구","122194","77779","44415","196","20681","35508","30908","22067","12834","136","10570","23303","20357","13851","9562","60","10111","12205","10551","8216","3272"
"20253","11500","강서구","73335","43272","30063","0","9440","17130","18196","17774","10795","0","3900","9850","10812","11026","7684","0","5540","7280","7384","6748","3111"
"20253","11470","양천구","85678","51939","33739","95","13210","21514","21362","18641","10856","75","5743","12830","13257","11910","8124","20","7467","8684","8105","6731","2732"
"20253","11440","마포구","120344","69592","50752","13","23065","33103","29655","22007","12501","3","10291","19028","18350","13261","8659","10","12774","14075","11305","8746","3842"
"20253","11410","서대문구","35863","20845","15018","0","4147","7781","8857","10241","4837","0","1909","4655","5016","5910","3355","0","2238","3126","3841","4331","1482"
"20253","11380","은평구","31146","16417","14729","0","3217","6600","8085","7917","5327","0","1231","3415","4021","4061","3689","0","1986","3185","4064","3856","1638"
"20253","11350","노원구","28109","15085","13024","0","3196","5475","6902","7505","5031","0","1299","2932","3517","4104","3233","0","1897","2543","3385","3401","1798"
"20253","11320","도봉구","20112","11990","8122","0","1965","3933","5127","5513","3574","0","834","2275","2917","3215","2749","0","1131","1658","2210","2298","825"
"20253","11305","강북구","14740","8459","6281","0","828","2349","3652","4424","3487","0","193","1169","1978","2761","2358","0","635","1180","1674","1663","1129"
"20253","11290","성북구","68606","43212","25394","245","8330","16828","19629","17457","6117","99","3811","9433","11836","13407","4626","146","4519","7395","7793","4050","1491"
"20253","11260","중랑구","21334","13436","7898","0","2058","4454","5814","5950","3058","0","841","2533","3316","3945","2801","0","1217","1921","2498","2005","257"
"20253","11230","동대문구","50705","29015","21690","0","7574","11215","12070","11567","8279","0","3883","6782","6848","6133","5369","0","3691","4433","5222","5434","2910"
"20253","11215","광진구","56058","36147","19911","53","8541","11600","13908","15107","6849","5","4204","7325","9269","10190","5154","48","4337","4275","4639","4917","1695"
"20253","11200","성동구","73657","46216","27441","61","12038","17991","17855","15823","9889","47","5945","11298","11581","10127","7218","14","6093","6693","6274","5696","2671"
"20253","11170","용산구","176024","100620","75404","215","37562","53215","46007","29909","9116","55","13826","28882","29128","21894","6835","160","23736","24333","16879","8015","2281"
"20253","11140","중구","406487","224165","182322","1094","88336","128485","101450","64910","22212","314","34586","68234","63905","43117","14009","780","53750","60251","37545","21793","8203"
"20253","11110","종로구","223590","131787","91803","1828","39075","65997","63365","39373","13952","655","16913","36818","40315","27675","9411","1173","22162","29179","23050","11698","4541"
"20252","11740","강동구","51554","30293","21261","0","6394","11106","12040","12175","9839","0","2934","6461","7132","7094","6672","0","3460","4645","4908","5081","3167"
"20252","11710","송파구","409883","256182","153701","455","59879","104946","109223","92010","43370","169","30317","65914","72692","57632","29458","286","29562","39032","36531","34378","13912"
"20252","11680","강남구","1079924","662335","417589","2069","214872","329426","275198","180204","78155","877","100201","204697","188865","116356","51339","1192","114671","124729","86333","63848","26816"
"20252","11650","서초구","434315","280685","153630","579","77630","122260","110191","90726","32929","260","36370","76769","75466","67808","24012","319","41260","45491","34725","22918","8917"
"20252","11620","관악구","41999","24067","17932","0","5925","10647","10425","9419","5583","0","2537","6024","6136","5384","3986","0","3388","4623","4289","4035","1597"
"20252","11590","동작구","45111","27110","18001","12","7059","11338","10748","9848","6106","6","3878","6998","6470","5859","3899","6","3181","4340","4278","3989","2207"
"20252","11560","영등포구","400232","275433","124799","581","70285","131895","105307","65868","26296","205","37127","92690","78957","48303","18151","376","33158","39205","26350","17565","8145"
"20252","11545","금천구","131583","85723","45860","305","23298","37390","31562","21640","17388","200","12427","24849","22044","13882","12321","105","10871","12541","9518","7758","5067"
"20252","11530","구로구","122194","77779","44415","196","20681","35508","30908","22067","12834","136","10570","23303","20357","13851","9562","60","10111","12205","10551","8216","3272"
"20252","11500","강서구","73335","43272","30063","0","9440","17130","18196","17774","10795","0","3900","9850","10812","11026","7684","0","5540","7280","7384","6748","3111"
"20252","11470","양천구","85678","51939","33739","95","13210","21514","21362","18641","10856","75","5743","12830","13257","11910","8124","20","7467","8684","8105","6731","2732"
"20252","11440","마포구","120344","69592","50752","13","23065","33103","29655","22007","12501","3","10291","19028","18350","13261","8659","10","12774","14075","11305","8746","3842"
"20252","11410","서대문구","35863","20845","15018","0","4147","7781","8857","10241","4837","0","1909","4655","5016","5910","3355","0","2238","3126","3841","4331","1482"
"20252","11380","은평구","31146","16417","14729","0","3217","6600","8085","7917","5327","0","1231","3415","4021","4061","3689","0","1986","3185","4064","3856","1638"
"20252","11350","노원구","28109","15085","13024","0","3196","5475","6902","7505","5031","0","1299","2932","3517","4104","3233","0","1897","2543","3385","3401","1798"
"20252","11320","도봉구","20112","11990","8122","0","1965","3933","5127","5513","3574","0","834","2275","2917","3215","2749","0","1131","1658","2210","2298","825"
"20252","11305","강북구","14740","8459","6281","0","828","2349","3652","4424","3487","0","193","1169","1978","2761","2358","0","635","1180","1674","1663","1129"
"20252","11290","성북구","68606","43212","25394","245","8330","16828","19629","17457","6117","99","3811","9433","11836","13407","4626","146","4519","7395","7793","4050","1491"
"20252","11260","중랑구","21334","13436","7898","0","2058","4454","5814","5950","3058","0","841","2533","3316","3945","2801","0","1217","1921","2498","2005","257"
"20252","11230","동대문구","50705","29015","21690","0","7574","11215","12070","11567","8279","0","3883","6782","6848","6133","5369","0","3691","4433","5222","5434","2910"
"20252","11215","광진구","56058","36147","19911","53","8541","11600","13908","15107","6849","5","4204","7325","9269","10190","5154","48","4337","4275","4639","4917","1695"
"20252","11200","성동구","73657","46216","27441","61","12038","17991","17855","15823","9889","47","5945","11298","11581","10127","7218","14","6093","6693","6274","5696","2671"
"20252","11170","용산구","176024","100620","75404","215","37562","53215","46007","29909","9116","55","13826","28882","29128","21894","6835","160","23736","24333","16879","8015","2281"
"20252","11140","중구","406487","224165","182322","1094","88336","128485","101450","64910","22212","314","34586","68234","63905","43117","14009","780","53750","60251","37545","21793","8203"
"20252","11110","종로구","223590","131787","91803","1828","39075","65997","63365","39373","13952","655","16913","36818","40315","27675","9411","1173","22162","29179","23050","11698","4541"
"20251","11740","강동구","51554","30293","21261","0","6394","11106","12040","12175","9839","0","2934","6461","7132","7094","6672","0","3460","4645","4908","5081","3167"
"20251","11710","송파구","409883","256182","153701","455","59879","104946","109223","92010","43370","169","30317","65914","72692","57632","29458","286","29562","39032","36531","34378","13912"
"20251","11680","강남구","1079924","662335","417589","2069","214872","329426","275198","180204","78155","877","100201","204697","188865","116356","51339","1192","114671","124729","86333","63848","26816"
"20251","11650","서초구","434315","280685","153630","579","77630","122260","110191","90726","32929","260","36370","76769","75466","67808","24012","319","41260","45491","34725","22918","8917"
"20251","11620","관악구","41999","24067","17932","0","5925","10647","10425","9419","5583","0","2537","6024","6136","5384","3986","0","3388","4623","4289","4035","1597"
"20251","11590","동작구","45111","27110","18001","12","7059","11338","10748","9848","6106","6","3878","6998","6470","5859","3899","6","3181","4340","4278","3989","2207"
"20251","11560","영등포구","400232","275433","124799","581","70285","131895","105307","65868","26296","205","37127","92690","78957","48303","18151","376","33158","39205","26350","17565","8145"
"20251","11545","금천구","131583","85723","45860","305","23298","37390","31562","21640","17388","200","12427","24849","22044","13882","12321","105","10871","12541","9518","7758","5067"
"20251","11530","구로구","122194","77779","44415","196","20681","35508","30908","22067","12834","136","10570","23303","20357","13851","9562","60","10111","12205","10551","8216","3272"
"20251","11500","강서구","73335","43272","30063","0","9440","17130","18196","17774","10795","0","3900","9850","10812","11026","7684","0","5540","7280","7384","6748","3111"
"20251","11470","양천구","85678","51939","33739","95","13210","21514","21362","18641","10856","75","5743","12830","13257","11910","8124","20","7467","8684","8105","6731","2732"
"20251","11440","마포구","120344","69592","50752","13","23065","33103","29655","22007","12501","3","10291","19028","18350","13261","8659","10","12774","14075","11305","8746","3842"
"20251","11410","서대문구","35863","20845","15018","0","4147","7781","8857","10241","4837","0","1909","4655","5016","5910","3355","0","2238","3126","3841","4331","1482"
"20251","11380","은평구","31146","16417","14729","0","3217","6600","8085","7917","5327","0","1231","3415","4021","4061","3689","0","1986","3185","4064","3856","1638"
"20251","11350","노원구","28109","15085","13024","0","3196","5475","6902","7505","5031","0","1299","2932","3517","4104","3233","0","1897","2543","3385","3401","1798"
"20251","11320","도봉구","20112","11990","8122","0","1965","3933","5127","5513","3574","0","834","2275","2917","3215","2749","0","1131","1658","2210","2298","825"
"20251","11305","강북구","14740","8459","6281","0","828","2349","3652","4424","3487","0","193","1169","1978","2761","2358","0","635","1180","1674","1663","1129"
"20251","11290","성북구","68606","43212","25394","245","8330","16828","19629","17457","6117","99","3811","9433","11836","13407","4626","146","4519","7395","7793","4050","1491"
"20251","11260","중랑구","21334","13436","7898","0","2058","4454","5814","5950","3058","0","841","2533","3316","3945","2801","0","1217","1921","2498","2005","257"
"20251","11230","동대문구","50705","29015","21690","0","7574","11215","12070","11567","8279","0","3883","6782","6848","6133","5369","0","3691","4433","5222","5434","2910"
"20251","11215","광진구","56058","36147","19911","53","8541","11600","13908","15107","6849","5","4204","7325","9269","10190","5154","48","4337","4275","4639","4917","1695"
"20251","11200","성동구","73657","46216","27441","61","12038","17991","17855","15823","9889","47","5945","11298","11581","10127","7218","14","6093","6693","6274","5696","2671"
"20251","11170","용산구","176024","100620","75404","215","37562","53215","46007","29909","9116","55","13826","28882","29128","21894","6835","160","23736","24333","16879","8015","2281"
"20251","11140","중구","406487","224165","182322","1094","88336","128485","101450","64910","22212","314","34586","68234","63905","43117","14009","780","53750","60251","37545","21793","8203"
"20251","11110","종로구","223590","131787","91803","1828","39075","65997","63365","39373","13952","655","16913","36818","40315","27675","9411","1173","22162","29179","23050","11698","4541"
"20244","11740","강동구","51554","30293","21261","0","6394","11106","12040","12175","9839","0","2934","6461","7132","7094","6672","0","3460","4645","4908","5081","3167"
"20244","11710","송파구","409883","256182","153701","455","59879","104946","109223","92010","43370","169","30317","65914","72692","57632","29458","286","29562","39032","36531","34378","13912"
"20244","11680","강남구","1079924","662335","417589","2069","214872","329426","275198","180204","78155","877","100201","204697","188865","116356","51339","1192","114671","124729","86333","63848","26816"
"20244","11650","서초구","434315","280685","153630","579","77630","122260","110191","90726","32929","260","36370","76769","75466","67808","24012","319","41260","45491","34725","22918","8917"
"20244","11620","관악구","41999","24067","17932","0","5925","10647","10425","9419","5583","0","2537","6024","6136","5384","3986","0","3388","4623","4289","4035","1597"
"20244","11590","동작구","45111","27110","18001","12","7059","11338","10748","9848","6106","6","3878","6998","6470","5859","3899","6","3181","4340","4278","3989","2207"
"20244","11560","영등포구","400232","275433","124799","581","70285","131895","105307","65868","26296","205","37127","92690","78957","48303","18151","376","33158","39205","26350","17565","8145"
"20244","11545","금천구","131583","85723","45860","305","23298","37390","31562","21640","17388","200","12427","24849","22044","13882","12321","105","10871","12541","9518","7758","5067"
"20244","11530","구로구","122194","77779","44415","196","20681","35508","30908","22067","12834","136","10570","23303","20357","13851","9562","60","10111","12205","10551","8216","3272"
"20244","11500","강서구","73335","43272","30063","0","9440","17130","18196","17774","10795","0","3900","9850","10812","11026","7684","0","5540","7280","7384","6748","3111"
"20244","11470","양천구","85678","51939","33739","95","13210","21514","21362","18641","10856","75","5743","12830","13257","11910","8124","20","7467","8684","8105","6731","2732"
"20244","11440","마포구","120344","69592","50752","13","23065","33103","29655","22007","12501","3","10291","19028","18350","13261","8659","10","12774","14075","11305","8746","3842"
"20244","11410","서대문구","35863","20845","15018","0","4147","7781","8857","10241","4837","0","1909","4655","5016","5910","3355","0","2238","3126","3841","4331","1482"
"20244","11380","은평구","31146","16417","14729","0","3217","6600","8085","7917","5327","0","1231","3415","4021","4061","3689","0","1986","3185","4064","3856","1638"
"20244","11350","노원구","28109","15085","13024","0","3196","5475","6902","7505","5031","0","1299","2932","3517","4104","3233","0","1897","2543","3385","3401","1798"
"20244","11320","도봉구","20112","11990","8122","0","1965","3933","5127","5513","3574","0","834","2275","2917","3215","2749","0","1131","1658","2210","2298","825"
"20244","11305","강북구","14740","8459","6281","0","828","2349","3652","4424","3487","0","193","1169","1978","2761","2358","0","635","1180","1674","1663","1129"
"20244","11290","성북구","68606","43212","25394","245","8330","16828","19629","17457","6117","99","3811","9433","11836","13407","4626","146","4519","7395","7793","4050","1491"
"20244","11260","중랑구","21334","13436","7898","0","2058","4454","5814","5950","3058","0","841","2533","3316","3945","2801","0","1217","1921","2498","2005","257"
"20244","11230","동대문구","50705","29015","21690","0","7574","11215","12070","11567","8279","0","3883","6782","6848","6133","5369","0","3691","4433","5222","5434","2910"
"20244","11215","광진구","56058","36147","19911","53","8541","11600","13908","15107","6849","5","4204","7325","9269","10190","5154","48","4337","4275","4639","4917","1695"
"20244","11200","성동구","73657","46216","27441","61","12038","17991","17855","15823","9889","47","5945","11298","11581","10127","7218","14","6093","6693","6274","5696","2671"
"20244","11170","용산구","176024","100620","75404","215","37562","53215","46007","29909","9116","55","13826","28882","29128","21894","6835","160","23736","24333","16879","8015","2281"
"20244","11140","중구","406487","224165","182322","1094","88336","128485","101450","64910","22212","314","34586","68234","63905","43117","14009","780","53750","60251","37545","21793","8203"
"20244","11110","종로구","223590","131787","91803","1828","39075","65997","63365","39373","13952","655","16913","36818","40315","27675","9411","1173","22162","29179","23050","11698","4541"
"20243","11740","강동구","48912","28695","20217","0","5979","10348","11495","11598","9492","0","2738","5967","6691","6779","6520","0","3241","4381","4804","4819","2972"
"20243","11710","송파구","333135","209746","123389","333","48154","82957","87042","76831","37818","133","24508","52593","58088","48595","25829","200","23646","30364","28954","28236","11989"
"20243","11680","강남구","1011205","627329","383876","2262","201822","311155","259251","166755","69960","1018","95628","195363","179858","109435","46027","1244","106194","115792","79393","57320","23933"
"20243","11650","서초구","438371","286393","151978","594","75705","121125","112374","95367","33206","273","35897","76341","77178","72477","24227","321","39808","44784","35196","22890","8979"
"20243","11620","관악구","41055","23156","17899","1","5728","10109","10117","9410","5690","1","2463","5656","5839","5184","4013","0","3265","4453","4278","4226","1677"
"20243","11590","동작구","38169","22981","15188","14","6075","9502","8947","8332","5299","7","3407","5939","5408","4903","3317","7","2668","3563","3539","3429","1982"
"20243","11560","영등포구","342326","235675","106651","499","59684","112576","90899","56269","22399","176","31553","79399","68412","40882","15253","323","28131","33177","22487","15387","7146"
"20243","11545","금천구","119075","77550","41525","283","21081","33737","28491","19541","15942","185","11245","22415","19890","12518","11297","98","9836","11322","8601","7023","4645"
"20243","11530","구로구","128573","81314","47259","195","20903","36733","32216","24030","14496","131","10533","23861","20925","15060","10804","64","10370","12872","11291","8970","3692"
"20243","11500","강서구","63537","37465","26072","2","8178","14815","15805","15462","9275","1","3550","8599","9381","9399","6535","1","4628","6216","6424","6063","2740"
"20243","11470","양천구","73927","44412","29515","67","11618","19039","18430","15711","9062","44","4973","11135","11390","10045","6825","23","6645","7904","7040","5666","2237"
"20243","11440","마포구","109870","63193","46677","28","21271","30096","27113","20025","11337","9","9391","17171","16769","12097","7756","19","11880","12925","10344","7928","3581"
"20243","11410","서대문구","48901","29353","19548","0","6366","11031","11683","13830","5991","0","3096","6791","6813","8524","4129","0","3270","4240","4870","5306","1862"
"20243","11380","은평구","32416","16665","15751","0","2973","6256","7571","7857","7759","0","1110","3237","3653","3831","4834","0","1863","3019","3918","4026","2925"
"20243","11350","노원구","37810","19922","17888","0","4455","7218","8997","10063","7077","0","1783","3742","4506","5397","4494","0","2672","3476","4491","4666","2583"
"20243","11320","도봉구","19603","11564","8039","0","1964","3963","4982","5407","3287","0","863","2280","2800","3119","2502","0","1101","1683","2182","2288","785"
"20243","11305","강북구","17226","9655","7571","0","1203","2866","4486","5088","3583","0","344","1408","2405","3107","2391","0","859","1458","2081","1981","1192"
"20243","11290","성북구","54660","33982","20678","235","6870","13188","15276","13777","5314","95","3073","7335","9179","10337","3963","140","3797","5853","6097","3440","1351"
"20243","11260","중랑구","18587","11583","7004","0","1700","3766","4972","5245","2904","0","670","2109","2814","3400","2590","0","1030","1657","2158","1845","314"
"20243","11230","동대문구","53565","30754","22811","0","7786","11861","12741","12140","9037","0","3898","7117","7330","6502","5907","0","3888","4744","5411","5638","3130"
"20243","11215","광진구","40300","25573","14727","43","6124","8411","10016","10727","4979","5","2986","5242","6552","7080","3708","38","3138","3169","3464","3647","1271"
"20243","11200","성동구","77165","47902","29263","80","13004","19185","18758","16144","9994","58","6394","12045","12187","10100","7118","22","6610","7140","6571","6044","2876"
"20243","11170","용산구","137129","76529","60600","216","30267","41563","35302","22590","7191","56","10740","22178","21984","16194","5377","160","19527","19385","13318","6396","1814"
"20243","11140","중구","436998","242857","194141","1176","93886","138296","109177","70205","24258","345","36950","73980","69352","47003","15227","831","56936","64316","39825","23202","9031"
"20243","11110","종로구","216663","126725","89938","1942","38793","64132","60943","37588","13265","712","16751","35390","38492","26449","8931","1230","22042","28742","22451","11139","4334"
"20242","11740","강동구","48912","28695","20217","0","5979","10348","11495","11598","9492","0","2738","5967","6691","6779","6520","0","3241","4381","4804","4819","2972"
"20242","11710","송파구","333135","209746","123389","333","48154","82957","87042","76831","37818","133","24508","52593","58088","48595","25829","200","23646","30364","28954","28236","11989"
"20242","11680","강남구","1011205","627329","383876","2262","201822","311155","259251","166755","69960","1018","95628","195363","179858","109435","46027","1244","106194","115792","79393","57320","23933"
"20242","11650","서초구","438371","286393","151978","594","75705","121125","112374","95367","33206","273","35897","76341","77178","72477","24227","321","39808","44784","35196","22890","8979"
"20242","11620","관악구","41055","23156","17899","1","5728","10109","10117","9410","5690","1","2463","5656","5839","5184","4013","0","3265","4453","4278","4226","1677"
"20242","11590","동작구","38169","22981","15188","14","6075","9502","8947","8332","5299","7","3407","5939","5408","4903","3317","7","2668","3563","3539","3429","1982"
"20242","11560","영등포구","342326","235675","106651","499","59684","112576","90899","56269","22399","176","31553","79399","68412","40882","15253","323","28131","33177","22487","15387","7146"
"20242","11545","금천구","119075","77550","41525","283","21081","33737","28491","19541","15942","185","11245","22415","19890","12518","11297","98","9836","11322","8601","7023","4645"
"20242","11530","구로구","128573","81314","47259","195","20903","36733","32216","24030","14496","131","10533","23861","20925","15060","10804","64","10370","12872","11291","8970","3692"
"20242","11500","강서구","63537","37465","26072","2","8178","14815","15805","15462","9275","1","3550","8599","9381","9399","6535","1","4628","6216","6424","6063","2740"
"20242","11470","양천구","73927","44412","29515","67","11618","19039","18430","15711","9062","44","4973","11135","11390","10045","6825","23","6645","7904","7040","5666","2237"
"20242","11440","마포구","109870","63193","46677","28","21271","30096","27113","20025","11337","9","9391","17171","16769","12097","7756","19","11880","12925","10344","7928","3581"
"20242","11410","서대문구","48901","29353","19548","0","6366","11031","11683","13830","5991","0","3096","6791","6813","8524","4129","0","3270","4240","4870","5306","1862"
"20242","11380","은평구","32416","16665","15751","0","2973","6256","7571","7857","7759","0","1110","3237","3653","3831","4834","0","1863","3019","3918","4026","2925"
"20242","11350","노원구","37810","19922","17888","0","4455","7218","8997","10063","7077","0","1783","3742","4506","5397","4494","0","2672","3476","4491","4666","2583"
"20242","11320","도봉구","19603","11564","8039","0","1964","3963","4982","5407","3287","0","863","2280","2800","3119","2502","0","1101","1683","2182","2288","785"
"20242","11305","강북구","17226","9655","7571","0","1203","2866","4486","5088","3583","0","344","1408","2405","3107","2391","0","859","1458","2081","1981","1192"
"20242","11290","성북구","54660","33982","20678","235","6870","13188","15276","13777","5314","95","3073","7335","9179","10337","3963","140","3797","5853","6097","3440","1351"
"20242","11260","중랑구","18587","11583","7004","0","1700","3766","4972","5245","2904","0","670","2109","2814","3400","2590","0","1030","1657","2158","1845","314"
"20242","11230","동대문구","53565","30754","22811","0","7786","11861","12741","12140","9037","0","3898","7117","7330","6502","5907","0","3888","4744","5411","5638","3130"
"20242","11215","광진구","40300","25573","14727","43","6124","8411","10016","10727","4979","5","2986","5242","6552","7080","3708","38","3138","3169","3464","3647","1271"
"20242","11200","성동구","77165","47902","29263","80","13004","19185","18758","16144","9994","58","6394","12045","12187","10100","7118","22","6610","7140","6571","6044","2876"
"20242","11170","용산구","137129","76529","60600","216","30267","41563","35302","22590","7191","56","10740","22178","21984","16194","5377","160","19527","19385","13318","6396","1814"
"20242","11140","중구","436998","242857","194141","1176","93886","138296","109177","70205","24258","345","36950","73980","69352","47003","15227","831","56936","64316","39825","23202","9031"
"20242","11110","종로구","216663","126725","89938","1942","38793","64132","60943","37588","13265","712","16751","35390","38492","26449","8931","1230","22042","28742","22451","11139","4334"
"20241","11740","강동구","48912","28695","20217","0","5979","10348","11495","11598","9492","0","2738","5967","6691","6779","6520","0","3241","4381","4804","4819","2972"
"20241","11710","송파구","333135","209746","123389","333","48154","82957","87042","76831","37818","133","24508","52593","58088","48595","25829","200","23646","30364","28954","28236","11989"
"20241","11680","강남구","1011205","627329","383876","2262","201822","311155","259251","166755","69960","1018","95628","195363","179858","109435","46027","1244","106194","115792","79393","57320","23933"
"20241","11650","서초구","438371","286393","151978","594","75705","121125","112374","95367","33206","273","35897","76341","77178","72477","24227","321","39808","44784","35196","22890","8979"
"20241","11620","관악구","41055","23156","17899","1","5728","10109","10117","9410","5690","1","2463","5656","5839","5184","4013","0","3265","4453","4278","4226","1677"
"20241","11590","동작구","38169","22981","15188","14","6075","9502","8947","8332","5299","7","3407","5939","5408","4903","3317","7","2668","3563","3539","3429","1982"
"20241","11560","영등포구","342326","235675","106651","499","59684","112576","90899","56269","22399","176","31553","79399","68412","40882","15253","323","28131","33177","22487","15387","7146"
"20241","11545","금천구","119075","77550","41525","283","21081","33737","28491","19541","15942","185","11245","22415","19890","12518","11297","98","9836","11322","8601","7023","4645"
"20241","11530","구로구","128573","81314","47259","195","20903","36733","32216","24030","14496","131","10533","23861","20925","15060","10804","64","10370","12872","11291","8970","3692"
"20241","11500","강서구","63537","37465","26072","2","8178","14815","15805","15462","9275","1","3550","8599","9381","9399","6535","1","4628","6216","6424","6063","2740"
"20241","11470","양천구","73927","44412","29515","67","11618","19039","18430","15711","9062","44","4973","11135","11390","10045","6825","23","6645","7904","7040","5666","2237"
"20241","11440","마포구","109870","63193","46677","28","21271","30096","27113","20025","11337","9","9391","17171","16769","12097","7756","19","11880","12925","10344","7928","3581"
"20241","11410","서대문구","48901","29353","19548","0","6366","11031","11683","13830","5991","0","3096","6791","6813","8524","4129","0","3270","4240","4870","5306","1862"
"20241","11380","은평구","32416","16665","15751","0","2973","6256","7571","7857","7759","0","1110","3237","3653","3831","4834","0","1863","3019","3918","4026","2925"
"20241","11350","노원구","37810","19922","17888","0","4455","7218","8997","10063","7077","0","1783","3742","4506","5397","4494","0","2672","3476","4491","4666","2583"
"20241","11320","도봉구","19603","11564","8039","0","1964","3963","4982","5407","3287","0","863","2280","2800","3119","2502","0","1101","1683","2182","2288","785"
"20241","11305","강북구","17226","9655","7571","0","1203","2866","4486","5088","3583","0","344","1408","2405","3107","2391","0","859","1458","2081","1981","1192"
"20241","11290","성북구","54660","33982","20678","235","6870","13188","15276","13777","5314","95","3073","7335","9179","10337","3963","140","3797","5853","6097","3440","1351"
"20241","11260","중랑구","18587","11583","7004","0","1700","3766","4972","5245","2904","0","670","2109","2814","3400","2590","0","1030","1657","2158","1845","314"
"20241","11230","동대문구","53565","30754","22811","0","7786","11861","12741","12140","9037","0","3898","7117","7330","6502","5907","0","3888","4744","5411","5638","3130"
"20241","11215","광진구","40300","25573","14727","43","6124","8411","10016","10727","4979","5","2986","5242","6552","7080","3708","38","3138","3169","3464","3647","1271"
"20241","11200","성동구","77165","47902","29263","80","13004","19185","18758","16144","9994","58","6394","12045","12187","10100","7118","22","6610","7140","6571","6044","2876"
"20241","11170","용산구","137129","76529","60600","216","30267","41563","35302","22590","7191","56","10740","22178","21984","16194","5377","160","19527","19385","13318","6396","1814"
"20241","11140","중구","436998","242857","194141","1176","93886","138296","109177","70205","24258","345","36950","73980","69352","47003","15227","831","56936","64316","39825","23202","9031"
"20241","11110","종로구","216663","126725","89938","1942","38793","64132","60943","37588","13265","712","16751","35390","38492","26449","8931","1230","22042","28742","22451","11139","4334"
"20234","11740","강동구","48912","28695","20217","0","5979","10348","11495","11598","9492","0","2738","5967","6691","6779","6520","0","3241","4381","4804","4819","2972"
"20234","11710","송파구","333135","209746","123389","333","48154","82957","87042","76831","37818","133","24508","52593","58088","48595","25829","200","23646","30364","28954","28236","11989"
"20234","11680","강남구","1011205","627329","383876","2262","201822","311155","259251","166755","69960","1018","95628","195363","179858","109435","46027","1244","106194","115792","79393","57320","23933"
"20234","11650","서초구","438371","286393","151978","594","75705","121125","112374","95367","33206","273","35897","76341","77178","72477","24227","321","39808","44784","35196","22890","8979"
"20234","11620","관악구","41055","23156","17899","1","5728","10109","10117","9410","5690","1","2463","5656","5839","5184","4013","0","3265","4453","4278","4226","1677"
"20234","11590","동작구","38169","22981","15188","14","6075","9502","8947","8332","5299","7","3407","5939","5408","4903","3317","7","2668","3563","3539","3429","1982"
"20234","11560","영등포구","342326","235675","106651","499","59684","112576","90899","56269","22399","176","31553","79399","68412","40882","15253","323","28131","33177","22487","15387","7146"
"20234","11545","금천구","119075","77550","41525","283","21081","33737","28491","19541","15942","185","11245","22415","19890","12518","11297","98","9836","11322","8601","7023","4645"
"20234","11530","구로구","128573","81314","47259","195","20903","36733","32216","24030","14496","131","10533","23861","20925","15060","10804","64","10370","12872","11291","8970","3692"
"20234","11500","강서구","63537","37465","26072","2","8178","14815","15805","15462","9275","1","3550","8599","9381","9399","6535","1","4628","6216","6424","6063","2740"
"20234","11470","양천구","73927","44412","29515","67","11618","19039","18430","15711","9062","44","4973","11135","11390","10045","6825","23","6645","7904","7040","5666","2237"
"20234","11440","마포구","109870","63193","46677","28","21271","30096","27113","20025","11337","9","9391","17171","16769","12097","7756","19","11880","12925","10344","7928","3581"
"20234","11410","서대문구","48901","29353","19548","0","6366","11031","11683","13830","5991","0","3096","6791","6813","8524","4129","0","3270","4240","4870","5306","1862"
"20234","11380","은평구","32416","16665","15751","0","2973","6256","7571","7857","7759","0","1110","3237","3653","3831","4834","0","1863","3019","3918","4026","2925"
"20234","11350","노원구","37810","19922","17888","0","4455","7218","8997","10063","7077","0","1783","3742","4506","5397","4494","0","2672","3476","4491","4666","2583"
"20234","11320","도봉구","19603","11564","8039","0","1964","3963","4982","5407","3287","0","863","2280","2800","3119","2502","0","1101","1683","2182","2288","785"
"20234","11305","강북구","17226","9655","7571","0","1203","2866","4486","5088","3583","0","344","1408","2405","3107","2391","0","859","1458","2081","1981","1192"
"20234","11290","성북구","54660","33982","20678","235","6870","13188","15276","13777","5314","95","3073","7335","9179","10337","3963","140","3797","5853","6097","3440","1351"
"20234","11260","중랑구","18587","11583","7004","0","1700","3766","4972","5245","2904","0","670","2109","2814","3400","2590","0","1030","1657","2158","1845","314"
"20234","11230","동대문구","53565","30754","22811","0","7786","11861","12741","12140","9037","0","3898","7117","7330","6502","5907","0","3888","4744","5411","5638","3130"
"20234","11215","광진구","40300","25573","14727","43","6124","8411","10016","10727","4979","5","2986","5242","6552","7080","3708","38","3138","3169","3464","3647","1271"
"20234","11200","성동구","77165","47902","29263","80","13004","19185","18758","16144","9994","58","6394","12045","12187","10100","7118","22","6610","7140","6571","6044","2876"
"20234","11170","용산구","137129","76529","60600","216","30267","41563","35302","22590","7191","56","10740","22178","21984","16194","5377","160","19527","19385","13318","6396","1814"
"20234","11140","중구","436998","242857","194141","1176","93886","138296","109177","70205","24258","345","36950","73980","69352","47003","15227","831","56936","64316","39825","23202","9031"
"20234","11110","종로구","216663","126725","89938","1942","38793","64132","60943","37588","13265","712","16751","35390","38492","26449","8931","1230","22042","28742","22451","11139","4334"
"20233","11740","강동구","49664","28825","20839","0","6283","10639","11544","11720","9478","0","2878","6148","6770","6715","6314","0","3405","4491","4774","5005","3164"
"20233","11710","송파구","334132","210991","123141","369","48072","82503","86793","78397","37998","160","24620","52749","58034","49520","25908","209","23452","29754","28759","28877","12090"
"20233","11680","강남구","859741","528151","331590","1856","171581","263380","219311","142270","61343","779","79573","163310","150615","92832","41042","1077","92008","100070","68696","49438","20301"
"20233","11650","서초구","428329","277152","151177","738","75017","119600","109260","91123","32591","339","34846","74816","74938","68391","23822","399","40171","44784","34322","22732","8769"
"20233","11620","관악구","42296","24069","18227","1","6121","10562","10409","9352","5851","1","2672","5964","6092","5255","4085","0","3449","4598","4317","4097","1766"
"20233","11590","동작구","41380","24665","16715","12","6357","10439","10053","9050","5469","6","3349","6335","6022","5429","3524","6","3008","4104","4031","3621","1945"
"20233","11560","영등포구","324538","221369","103169","509","56784","105658","85173","54017","22397","187","29726","73797","63259","39047","15353","322","27058","31861","21914","14970","7044"
"20233","11545","금천구","119674","77720","41954","290","20788","33410","28484","20006","16696","188","11087","22124","19743","12743","11835","102","9701","11286","8741","7263","4861"
"20233","11530","구로구","121219","76993","44226","223","20503","34990","30534","22014","12955","149","10480","22903","20059","13819","9583","74","10023","12087","10475","8195","3372"
"20233","11500","강서구","58755","34647","24108","3","7747","13717","14549","14171","8568","2","3288","7911","8655","8766","6025","1","4459","5806","5894","5405","2543"
"20233","11470","양천구","73359","44496","28863","92","11218","18276","18233","15992","9548","62","4910","10885","11317","10222","7100","30","6308","7391","6916","5770","2448"
"20233","11440","마포구","105185","60318","44867","41","20262","28555","25680","19417","11230","14","9007","16314","15813","11541","7629","27","11255","12241","9867","7876","3601"
"20233","11410","서대문구","31520","18043","13477","0","3756","6752","7742","9015","4255","0","1700","3995","4335","5145","2868","0","2056","2757","3407","3870","1387"
"20233","11380","은평구","28626","15105","13521","0","3163","6049","7317","7122","4975","0","1271","3135","3642","3657","3400","0","1892","2914","3675","3465","1575"
"20233","11350","노원구","26897","14541","12356","0","3151","5356","6570","7103","4717","0","1306","2909","3387","3909","3030","0","1845","2447","3183","3194","1687"
"20233","11320","도봉구","19687","11627","8060","0","1986","3922","4966","5286","3527","0","844","2248","2833","3063","2639","0","1142","1674","2133","2223","888"
"20233","11305","강북구","15383","8566","6817","0","1098","2618","3794","4436","3437","0","318","1281","2018","2704","2245","0","780","1337","1776","1732","1192"
"20233","11290","성북구","61781","38598","23183","250","7542","14938","17552","15740","5759","101","3424","8265","10531","12016","4261","149","4118","6673","7021","3724","1498"
"20233","11260","중랑구","20847","13076","7771","0","2114","4360","5600","5698","3075","0","889","2480","3225","3766","2716","0","1225","1880","2375","1932","359"
"20233","11230","동대문구","51389","28937","22452","0","7632","11360","12228","11784","8385","0","3847","6766","6837","6135","5352","0","3785","4594","5391","5649","3033"
"20233","11215","광진구","51522","32772","18750","70","7833","10737","12772","13655","6455","12","3835","6703","8418","9036","4768","58","3998","4034","4354","4619","1687"
"20233","11200","성동구","60887","38008","22879","81","10087","14909","14744","13031","8035","46","4904","9326","9561","8345","5826","35","5183","5583","5183","4686","2209"
"20233","11170","용산구","148971","84842","64129","242","32024","45357","38402","25088","7858","81","11622","24488","24398","18373","5880","161","20402","20869","14004","6715","1978"
"20233","11140","중구","397274","220317","176957","1192","85964","125907","99178","63402","21631","360","34132","67461","62649","42171","13544","832","51832","58446","36529","21231","8087"
"20233","11110","종로구","219782","128549","91233","1989","39226","64883","61860","38278","13546","728","16972","35836","39060","26843","9110","1261","22254","29047","22800","11435","4436"
"20232","11740","강동구","49664","28825","20839","0","6283","10639","11544","11720","9478","0","2878","6148","6770","6715","6314","0","3405","4491","4774","5005","3164"
"20232","11710","송파구","334132","210991","123141","369","48072","82503","86793","78397","37998","160","24620","52749","58034","49520","25908","209","23452","29754","28759","28877","12090"
"20232","11680","강남구","859741","528151","331590","1856","171581","263380","219311","142270","61343","779","79573","163310","150615","92832","41042","1077","92008","100070","68696","49438","20301"
"20232","11650","서초구","428329","277152","151177","738","75017","119600","109260","91123","32591","339","34846","74816","74938","68391","23822","399","40171","44784","34322","22732","8769"
"20232","11620","관악구","42296","24069","18227","1","6121","10562","10409","9352","5851","1","2672","5964","6092","5255","4085","0","3449","4598","4317","4097","1766"
"20232","11590","동작구","41380","24665","16715","12","6357","10439","10053","9050","5469","6","3349","6335","6022","5429","3524","6","3008","4104","4031","3621","1945"
"20232","11560","영등포구","324538","221369","103169","509","56784","105658","85173","54017","22397","187","29726","73797","63259","39047","15353","322","27058","31861","21914","14970","7044"
"20232","11545","금천구","119674","77720","41954","290","20788","33410","28484","20006","16696","188","11087","22124","19743","12743","11835","102","9701","11286","8741","7263","4861"
"20232","11530","구로구","121219","76993","44226","223","20503","34990","30534","22014","12955","149","10480","22903","20059","13819","9583","74","10023","12087","10475","8195","3372"
"20232","11500","강서구","58755","34647","24108","3","7747","13717","14549","14171","8568","2","3288","7911","8655","8766","6025","1","4459","5806","5894","5405","2543"
"20232","11470","양천구","73359","44496","28863","92","11218","18276","18233","15992","9548","62","4910","10885","11317","10222","7100","30","6308","7391","6916","5770","2448"
"20232","11440","마포구","105185","60318","44867","41","20262","28555","25680","19417","11230","14","9007","16314","15813","11541","7629","27","11255","12241","9867","7876","3601"
"20232","11410","서대문구","31520","18043","13477","0","3756","6752","7742","9015","4255","0","1700","3995","4335","5145","2868","0","2056","2757","3407","3870","1387"
"20232","11380","은평구","28626","15105","13521","0","3163","6049","7317","7122","4975","0","1271","3135","3642","3657","3400","0","1892","2914","3675","3465","1575"
"20232","11350","노원구","26897","14541","12356","0","3151","5356","6570","7103","4717","0","1306","2909","3387","3909","3030","0","1845","2447","3183","3194","1687"
"20232","11320","도봉구","19687","11627","8060","0","1986","3922","4966","5286","3527","0","844","2248","2833","3063","2639","0","1142","1674","2133","2223","888"
"20232","11305","강북구","15383","8566","6817","0","1098","2618","3794","4436","3437","0","318","1281","2018","2704","2245","0","780","1337","1776","1732","1192"
"20232","11290","성북구","61781","38598","23183","250","7542","14938","17552","15740","5759","101","3424","8265","10531","12016","4261","149","4118","6673","7021","3724","1498"
"20232","11260","중랑구","20847","13076","7771","0","2114","4360","5600","5698","3075","0","889","2480","3225","3766","2716","0","1225","1880","2375","1932","359"
"20232","11230","동대문구","51389","28937","22452","0","7632","11360","12228","11784","8385","0","3847","6766","6837","6135","5352","0","3785","4594","5391","5649","3033"
"20232","11215","광진구","51522","32772","18750","70","7833","10737","12772","13655","6455","12","3835","6703","8418","9036","4768","58","3998","4034","4354","4619","1687"
"20232","11200","성동구","60887","38008","22879","81","10087","14909","14744","13031","8035","46","4904","9326","9561","8345","5826","35","5183","5583","5183","4686","2209"
"20232","11170","용산구","148971","84842","64129","242","32024","45357","38402","25088","7858","81","11622","24488","24398","18373","5880","161","20402","20869","14004","6715","1978"
"20232","11140","중구","397274","220317","176957","1192","85964","125907","99178","63402","21631","360","34132","67461","62649","42171","13544","832","51832","58446","36529","21231","8087"
"20232","11110","종로구","219782","128549","91233","1989","39226","64883","61860","38278","13546","728","16972","35836","39060","26843","9110","1261","22254","29047","22800","11435","4436"
"20231","11740","강동구","49664","28825","20839","0","6283","10639","11544","11720","9478","0","2878","6148","6770","6715","6314","0","3405","4491","4774","5005","3164"
"20231","11710","송파구","334132","210991","123141","369","48072","82503","86793","78397","37998","160","24620","52749","58034","49520","25908","209","23452","29754","28759","28877","12090"
"20231","11680","강남구","859741","528151","331590","1856","171581","263380","219311","142270","61343","779","79573","163310","150615","92832","41042","1077","92008","100070","68696","49438","20301"
"20231","11650","서초구","428329","277152","151177","738","75017","119600","109260","91123","32591","339","34846","74816","74938","68391","23822","399","40171","44784","34322","22732","8769"
"20231","11620","관악구","42296","24069","18227","1","6121","10562","10409","9352","5851","1","2672","5964","6092","5255","4085","0","3449","4598","4317","4097","1766"
"20231","11590","동작구","41380","24665","16715","12","6357","10439","10053","9050","5469","6","3349","6335","6022","5429","3524","6","3008","4104","4031","3621","1945"
"20231","11560","영등포구","324538","221369","103169","509","56784","105658","85173","54017","22397","187","29726","73797","63259","39047","15353","322","27058","31861","21914","14970","7044"
"20231","11545","금천구","119674","77720","41954","290","20788","33410","28484","20006","16696","188","11087","22124","19743","12743","11835","102","9701","11286","8741","7263","4861"
"20231","11530","구로구","121219","76993","44226","223","20503","34990","30534","22014","12955","149","10480","22903","20059","13819","9583","74","10023","12087","10475","8195","3372"
"20231","11500","강서구","58755","34647","24108","3","7747","13717","14549","14171","8568","2","3288","7911","8655","8766","6025","1","4459","5806","5894","5405","2543"
"20231","11470","양천구","73359","44496","28863","92","11218","18276","18233","15992","9548","62","4910","10885","11317","10222","7100","30","6308","7391","6916","5770","2448"
"20231","11440","마포구","105185","60318","44867","41","20262","28555","25680","19417","11230","14","9007","16314","15813","11541","7629","27","11255","12241","9867","7876","3601"
"20231","11410","서대문구","31520","18043","13477","0","3756","6752","7742","9015","4255","0","1700","3995","4335","5145","2868","0","2056","2757","3407","3870","1387"
"20231","11380","은평구","28626","15105","13521","0","3163","6049","7317","7122","4975","0","1271","3135","3642","3657","3400","0","1892","2914","3675","3465","1575"
"20231","11350","노원구","26897","14541","12356","0","3151","5356","6570","7103","4717","0","1306","2909","3387","3909","3030","0","1845","2447","3183","3194","1687"
"20231","11320","도봉구","19687","11627","8060","0","1986","3922","4966","5286","3527","0","844","2248","2833","3063","2639","0","1142","1674","2133","2223","888"
"20231","11305","강북구","15383","8566","6817","0","1098","2618","3794","4436","3437","0","318","1281","2018","2704","2245","0","780","1337","1776","1732","1192"
"20231","11290","성북구","61781","38598","23183","250","7542","14938","17552","15740","5759","101","3424","8265","10531","12016","4261","149","4118","6673","7021","3724","1498"
"20231","11260","중랑구","20847","13076","7771","0","2114","4360","5600","5698","3075","0","889","2480","3225","3766","2716","0","1225","1880","2375","1932","359"
"20231","11230","동대문구","51389","28937","22452","0","7632","11360","12228","11784","8385","0","3847","6766","6837","6135","5352","0","3785","4594","5391","5649","3033"
"20231","11215","광진구","51522","32772","18750","70","7833","10737","12772","13655","6455","12","3835","6703","8418","9036","4768","58","3998","4034","4354","4619","1687"
"20231","11200","성동구","60887","38008","22879","81","10087","14909","14744","13031","8035","46","4904","9326","9561","8345","5826","35","5183","5583","5183","4686","2209"
"20231","11170","용산구","148971","84842","64129","242","32024","45357","38402","25088","7858","81","11622","24488","24398","18373","5880","161","20402","20869","14004","6715","1978"
"20231","11140","중구","397274","220317","176957","1192","85964","125907","99178","63402","21631","360","34132","67461","62649","42171","13544","832","51832","58446","36529","21231","8087"
"20231","11110","종로구","219782","128549","91233","1989","39226","64883","61860","38278","13546","728","16972","35836","39060","26843","9110","1261","22254","29047","22800","11435","4436"
"20224","11740","강동구","49664","28825","20839","0","6283","10639","11544","11720","9478","0","2878","6148","6770","6715","6314","0","3405","4491","4774","5005","3164"
"20224","11710","송파구","334132","210991","123141","369","48072","82503","86793","78397","37998","160","24620","52749","58034","49520","25908","209","23452","29754","28759","28877","12090"
"20224","11680","강남구","859741","528151","331590","1856","171581","263380","219311","142270","61343","779","79573","163310","150615","92832","41042","1077","92008","100070","68696","49438","20301"
"20224","11650","서초구","428329","277152","151177","738","75017","119600","109260","91123","32591","339","34846","74816","74938","68391","23822","399","40171","44784","34322","22732","8769"
"20224","11620","관악구","42296","24069","18227","1","6121","10562","10409","9352","5851","1","2672","5964","6092","5255","4085","0","3449","4598","4317","4097","1766"
"20224","11590","동작구","41380","24665","16715","12","6357","10439","10053","9050","5469","6","3349","6335","6022","5429","3524","6","3008","4104","4031","3621","1945"
"20224","11560","영등포구","324538","221369","103169","509","56784","105658","85173","54017","22397","187","29726","73797","63259","39047","15353","322","27058","31861","21914","14970","7044"
"20224","11545","금천구","119674","77720","41954","290","20788","33410","28484","20006","16696","188","11087","22124","19743","12743","11835","102","9701","11286","8741","7263","4861"
"20224","11530","구로구","121219","76993","44226","223","20503","34990","30534","22014","12955","149","10480","22903","20059","13819","9583","74","10023","12087","10475","8195","3372"
"20224","11500","강서구","58755","34647","24108","3","7747","13717","14549","14171","8568","2","3288","7911","8655","8766","6025","1","4459","5806","5894","5405","2543"
"20224","11470","양천구","73359","44496","28863","92","11218","18276","18233","15992","9548","62","4910","10885","11317","10222","7100","30","6308","7391","6916","5770","2448"
"20224","11440","마포구","105185","60318","44867","41","20262","28555","25680","19417","11230","14","9007","16314","15813","11541","7629","27","11255","12241","9867","7876","3601"
"20224","11410","서대문구","31520","18043","13477","0","3756","6752","7742","9015","4255","0","1700","3995","4335","5145","2868","0","2056","2757","3407","3870","1387"
"20224","11380","은평구","28626","15105","13521","0","3163","6049","7317","7122","4975","0","1271","3135","3642","3657","3400","0","1892","2914","3675","3465","1575"
"20224","11350","노원구","26897","14541","12356","0","3151","5356","6570","7103","4717","0","1306","2909","3387","3909","3030","0","1845","2447","3183","3194","1687"
"20224","11320","도봉구","19687","11627","8060","0","1986","3922","4966","5286","3527","0","844","2248","2833","3063","2639","0","1142","1674","2133","2223","888"
"20224","11305","강북구","15383","8566","6817","0","1098","2618","3794","4436","3437","0","318","1281","2018","2704","2245","0","780","1337","1776","1732","1192"
"20224","11290","성북구","61781","38598","23183","250","7542","14938","17552","15740","5759","101","3424","8265","10531","12016","4261","149","4118","6673","7021","3724","1498"
"20224","11260","중랑구","20847","13076","7771","0","2114","4360","5600","5698","3075","0","889","2480","3225","3766","2716","0","1225","1880","2375","1932","359"
"20224","11230","동대문구","51389","28937","22452","0","7632","11360","12228","11784","8385","0","3847","6766","6837","6135","5352","0","3785","4594","5391","5649","3033"
"20224","11215","광진구","51522","32772","18750","70","7833","10737","12772","13655","6455","12","3835","6703","8418","9036","4768","58","3998","4034","4354","4619","1687"
"20224","11200","성동구","60887","38008","22879","81","10087","14909","14744","13031","8035","46","4904","9326","9561","8345","5826","35","5183","5583","5183","4686","2209"
"20224","11170","용산구","148971","84842","64129","242","32024","45357","38402","25088","7858","81","11622","24488","24398","18373","5880","161","20402","20869","14004","6715","1978"
"20224","11140","중구","397274","220317","176957","1192","85964","125907","99178","63402","21631","360","34132","67461","62649","42171","13544","832","51832","58446","36529","21231","8087"
"20224","11110","종로구","219782","128549","91233","1989","39226","64883","61860","38278","13546","728","16972","35836","39060","26843","9110","1261","22254","29047","22800","11435","4436"
"20223","11740","강동구","49182","28406","20776","1","6257","10567","11445","11509","9403","0","2861","6079","6695","6547","6224","1","3396","4488","4750","4962","3179"
"20223","11710","송파구","355699","226320","129379","428","50733","87728","92603","82968","41239","197","26073","56024","62424","53503","28099","231","24660","31704","30179","29465","13140"
"20223","11680","강남구","961080","591399","369681","2453","191057","294833","245357","159005","68375","1049","89443","183872","168974","103123","44938","1404","101614","110961","76383","55882","23437"
"20223","11650","서초구","440298","285697","154601","905","77490","123337","112183","92995","33388","416","36407","77564","76993","69888","24429","489","41083","45773","35190","23107","8959"
"20223","11620","관악구","41669","23777","17892","4","6016","10226","10268","9256","5899","3","2658","5807","6045","5201","4063","1","3358","4419","4223","4055","1836"
"20223","11590","동작구","49986","30021","19965","25","7935","12386","11698","10934","7008","12","4446","7737","7061","6429","4336","13","3489","4649","4637","4505","2672"
"20223","11560","영등포구","329829","225300","104529","533","57655","107178","86664","54927","22872","195","30264","74996","64494","39674","15677","338","27391","32182","22170","15253","7195"
"20223","11545","금천구","119767","77743","42024","300","20870","33437","28467","19990","16703","195","11124","22138","19742","12732","11812","105","9746","11299","8725","7258","4891"
"20223","11530","구로구","126215","79748","46467","248","21023","35964","31710","23418","13852","164","10764","23443","20618","14552","10207","84","10259","12521","11092","8866","3645"
"20223","11500","강서구","72896","42699","30197","13","9849","17232","17970","17328","10504","7","4152","9863","10683","10691","7303","6","5697","7369","7287","6637","3201"
"20223","11470","양천구","78185","47405","30780","110","11981","19594","19461","16982","10057","68","5258","11670","12094","10873","7442","42","6723","7924","7367","6109","2615"
"20223","11440","마포구","112380","64378","48002","63","21556","30395","27474","20775","12117","22","9589","17331","16892","12332","8212","41","11967","13064","10582","8443","3905"
"20223","11410","서대문구","37458","21480","15978","6","4445","7981","9164","10595","5267","5","2026","4723","5177","6029","3520","1","2419","3258","3987","4566","1747"
"20223","11380","은평구","30418","15886","14532","0","3304","6173","7478","7429","6034","0","1334","3178","3682","3727","3965","0","1970","2995","3796","3702","2069"
"20223","11350","노원구","30225","16245","13980","0","3548","6008","7364","7986","5319","0","1462","3240","3762","4383","3398","0","2086","2768","3602","3603","1921"
"20223","11320","도봉구","20358","11936","8422","0","2103","4078","5125","5403","3649","0","875","2327","2917","3125","2692","0","1228","1751","2208","2278","957"
"20223","11305","강북구","16713","9306","7407","0","1272","2835","4041","4712","3853","0","396","1394","2152","2876","2488","0","876","1441","1889","1836","1365"
"20223","11290","성북구","63465","39609","23856","296","8043","15266","17845","15982","6033","123","3677","8488","10744","12145","4432","173","4366","6778","7101","3837","1601"
"20223","11260","중랑구","21341","13331","8010","1","2225","4430","5681","5772","3232","1","972","2523","3255","3792","2788","0","1253","1907","2426","1980","444"
"20223","11230","동대문구","52406","29559","22847","0","7777","11566","12461","12001","8601","0","3910","6904","6993","6247","5505","0","3867","4662","5468","5754","3096"
"20223","11215","광진구","51212","32456","18756","84","7820","10683","12669","13542","6414","19","3796","6641","8334","8971","4695","65","4024","4042","4335","4571","1719"
"20223","11200","성동구","62764","38754","24010","101","10481","15418","15192","13324","8248","62","5013","9511","9769","8475","5924","39","5468","5907","5423","4849","2324"
"20223","11170","용산구","150730","85210","65520","305","33009","45774","38513","25203","7926","107","11713","24660","24451","18370","5909","198","21296","21114","14062","6833","2017"
"20223","11140","중구","420043","232659","187384","1347","91608","132739","104423","67033","22893","420","36258","71033","66194","44477","14277","927","55350","61706","38229","22556","8616"
"20223","11110","종로구","227519","133859","93660","2095","40216","67043","63987","39799","14379","777","17360","37400","40712","27994","9616","1318","22856","29643","23275","11805","4763"
"20222","11740","강동구","49182","28406","20776","1","6257","10567","11445","11509","9403","0","2861","6079","6695","6547","6224","1","3396","4488","4750","4962","3179"
"20222","11710","송파구","355699","226320","129379","428","50733","87728","92603","82968","41239","197","26073","56024","62424","53503","28099","231","24660","31704","30179","29465","13140"
"20222","11680","강남구","961080","591399","369681","2453","191057","294833","245357","159005","68375","1049","89443","183872","168974","103123","44938","1404","101614","110961","76383","55882","23437"
"20222","11650","서초구","440298","285697","154601","905","77490","123337","112183","92995","33388","416","36407","77564","76993","69888","24429","489","41083","45773","35190","23107","8959"
"20222","11620","관악구","41669","23777","17892","4","6016","10226","10268","9256","5899","3","2658","5807","6045","5201","4063","1","3358","4419","4223","4055","1836"
"20222","11590","동작구","49986","30021","19965","25","7935","12386","11698","10934","7008","12","4446","7737","7061","6429","4336","13","3489","4649","4637","4505","2672"
"20222","11560","영등포구","329829","225300","104529","533","57655","107178","86664","54927","22872","195","30264","74996","64494","39674","15677","338","27391","32182","22170","15253","7195"
"20222","11545","금천구","119767","77743","42024","300","20870","33437","28467","19990","16703","195","11124","22138","19742","12732","11812","105","9746","11299","8725","7258","4891"
"20222","11530","구로구","126215","79748","46467","248","21023","35964","31710","23418","13852","164","10764","23443","20618","14552","10207","84","10259","12521","11092","8866","3645"
"20222","11500","강서구","72896","42699","30197","13","9849","17232","17970","17328","10504","7","4152","9863","10683","10691","7303","6","5697","7369","7287","6637","3201"
"20222","11470","양천구","78185","47405","30780","110","11981","19594","19461","16982","10057","68","5258","11670","12094","10873","7442","42","6723","7924","7367","6109","2615"
"20222","11440","마포구","112380","64378","48002","63","21556","30395","27474","20775","12117","22","9589","17331","16892","12332","8212","41","11967","13064","10582","8443","3905"
"20222","11410","서대문구","37458","21480","15978","6","4445","7981","9164","10595","5267","5","2026","4723","5177","6029","3520","1","2419","3258","3987","4566","1747"
"20222","11380","은평구","30418","15886","14532","0","3304","6173","7478","7429","6034","0","1334","3178","3682","3727","3965","0","1970","2995","3796","3702","2069"
"20222","11350","노원구","30225","16245","13980","0","3548","6008","7364","7986","5319","0","1462","3240","3762","4383","3398","0","2086","2768","3602","3603","1921"
"20222","11320","도봉구","20358","11936","8422","0","2103","4078","5125","5403","3649","0","875","2327","2917","3125","2692","0","1228","1751","2208","2278","957"
"20222","11305","강북구","16713","9306","7407","0","1272","2835","4041","4712","3853","0","396","1394","2152","2876","2488","0","876","1441","1889","1836","1365"
"20222","11290","성북구","63465","39609","23856","296","8043","15266","17845","15982","6033","123","3677","8488","10744","12145","4432","173","4366","6778","7101","3837","1601"
"20222","11260","중랑구","21341","13331","8010","1","2225","4430","5681","5772","3232","1","972","2523","3255","3792","2788","0","1253","1907","2426","1980","444"
"20222","11230","동대문구","52406","29559","22847","0","7777","11566","12461","12001","8601","0","3910","6904","6993","6247","5505","0","3867","4662","5468","5754","3096"
"20222","11215","광진구","51212","32456","18756","84","7820","10683","12669","13542","6414","19","3796","6641","8334","8971","4695","65","4024","4042","4335","4571","1719"
"20222","11200","성동구","62764","38754","24010","101","10481","15418","15192","13324","8248","62","5013","9511","9769","8475","5924","39","5468","5907","5423","4849","2324"
"20222","11170","용산구","150730","85210","65520","305","33009","45774","38513","25203","7926","107","11713","24660","24451","18370","5909","198","21296","21114","14062","6833","2017"
"20222","11140","중구","420043","232659","187384","1347","91608","132739","104423","67033","22893","420","36258","71033","66194","44477","14277","927","55350","61706","38229","22556","8616"
"20222","11110","종로구","227519","133859","93660","2095","40216","67043","63987","39799","14379","777","17360","37400","40712","27994","9616","1318","22856","29643","23275","11805","4763"
"20221","11740","강동구","49182","28406","20776","1","6257","10567","11445","11509","9403","0","2861","6079","6695","6547","6224","1","3396","4488","4750","4962","3179"
"20221","11710","송파구","355699","226320","129379","428","50733","87728","92603","82968","41239","197","26073","56024","62424","53503","28099","231","24660","31704","30179","29465","13140"
"20221","11680","강남구","961080","591399","369681","2453","191057","294833","245357","159005","68375","1049","89443","183872","168974","103123","44938","1404","101614","110961","76383","55882","23437"
"20221","11650","서초구","440298","285697","154601","905","77490","123337","112183","92995","33388","416","36407","77564","76993","69888","24429","489","41083","45773","35190","23107","8959"
"20221","11620","관악구","41669","23777","17892","4","6016","10226","10268","9256","5899","3","2658","5807","6045","5201","4063","1","3358","4419","4223","4055","1836"
"20221","11590","동작구","49986","30021","19965","25","7935","12386","11698","10934","7008","12","4446","7737","7061","6429","4336","13","3489","4649","4637","4505","2672"
"20221","11560","영등포구","329829","225300","104529","533","57655","107178","86664","54927","22872","195","30264","74996","64494","39674","15677","338","27391","32182","22170","15253","7195"
"20221","11545","금천구","119767","77743","42024","300","20870","33437","28467","19990","16703","195","11124","22138","19742","12732","11812","105","9746","11299","8725","7258","4891"
"20221","11530","구로구","126215","79748","46467","248","21023","35964","31710","23418","13852","164","10764","23443","20618","14552","10207","84","10259","12521","11092","8866","3645"
"20221","11500","강서구","72896","42699","30197","13","9849","17232","17970","17328","10504","7","4152","9863","10683","10691","7303","6","5697","7369","7287","6637","3201"
"20221","11470","양천구","78185","47405","30780","110","11981","19594","19461","16982","10057","68","5258","11670","12094","10873","7442","42","6723","7924","7367","6109","2615"
"20221","11440","마포구","112380","64378","48002","63","21556","30395","27474","20775","12117","22","9589","17331","16892","12332","8212","41","11967","13064","10582","8443","3905"
"20221","11410","서대문구","37458","21480","15978","6","4445","7981","9164","10595","5267","5","2026","4723","5177","6029","3520","1","2419","3258","3987","4566","1747"
"20221","11380","은평구","30418","15886","14532","0","3304","6173","7478","7429","6034","0","1334","3178","3682","3727","3965","0","1970","2995","3796","3702","2069"
"20221","11350","노원구","30225","16245","13980","0","3548","6008","7364","7986","5319","0","1462","3240","3762","4383","3398","0","2086","2768","3602","3603","1921"
"20221","11320","도봉구","20358","11936","8422","0","2103","4078","5125","5403","3649","0","875","2327","2917","3125","2692","0","1228","1751","2208","2278","957"
"20221","11305","강북구","16713","9306","7407","0","1272","2835","4041","4712","3853","0","396","1394","2152","2876","2488","0","876","1441","1889","1836","1365"
"20221","11290","성북구","63465","39609","23856","296","8043","15266","17845","15982","6033","123","3677","8488","10744","12145","4432","173","4366","6778","7101","3837","1601"
"20221","11260","중랑구","21341","13331","8010","1","2225","4430","5681","5772","3232","1","972","2523","3255","3792","2788","0","1253","1907","2426","1980","444"
"20221","11230","동대문구","52406","29559","22847","0","7777","11566","12461","12001","8601","0","3910","6904","6993","6247","5505","0","3867","4662","5468","5754","3096"
"20221","11215","광진구","51212","32456","18756","84","7820","10683","12669","13542","6414","19","3796","6641","8334","8971","4695","65","4024","4042","4335","4571","1719"
"20221","11200","성동구","62764","38754","24010","101","10481","15418","15192","13324","8248","62","5013","9511","9769","8475","5924","39","5468","5907","5423","4849","2324"
"20221","11170","용산구","150730","85210","65520","305","33009","45774","38513","25203","7926","107","11713","24660","24451","18370","5909","198","21296","21114","14062","6833","2017"
"20221","11140","중구","420043","232659","187384","1347","91608","132739","104423","67033","22893","420","36258","71033","66194","44477","14277","927","55350","61706","38229","22556","8616"
"20221","11110","종로구","227519","133859","93660","2095","40216","67043","63987","39799","14379","777","17360","37400","40712","27994","9616","1318","22856","29643","23275","11805","4763"
"20214","11740","강동구","49182","28406","20776","1","6257","10567","11445","11509","9403","0","2861","6079","6695","6547","6224","1","3396","4488","4750","4962","3179"
"20214","11710","송파구","355699","226320","129379","428","50733","87728","92603","82968","41239","197","26073","56024","62424","53503","28099","231","24660","31704","30179","29465","13140"
"20214","11680","강남구","961080","591399","369681","2453","191057","294833","245357","159005","68375","1049","89443","183872","168974","103123","44938","1404","101614","110961","76383","55882","23437"
"20214","11650","서초구","440298","285697","154601","905","77490","123337","112183","92995","33388","416","36407","77564","76993","69888","24429","489","41083","45773","35190","23107","8959"
"20214","11620","관악구","41669","23777","17892","4","6016","10226","10268","9256","5899","3","2658","5807","6045","5201","4063","1","3358","4419","4223","4055","1836"
"20214","11590","동작구","49986","30021","19965","25","7935","12386","11698","10934","7008","12","4446","7737","7061","6429","4336","13","3489","4649","4637","4505","2672"
"20214","11560","영등포구","329829","225300","104529","533","57655","107178","86664","54927","22872","195","30264","74996","64494","39674","15677","338","27391","32182","22170","15253","7195"
"20214","11545","금천구","119767","77743","42024","300","20870","33437","28467","19990","16703","195","11124","22138","19742","12732","11812","105","9746","11299","8725","7258","4891"
"20214","11530","구로구","126215","79748","46467","248","21023","35964","31710","23418","13852","164","10764","23443","20618","14552","10207","84","10259","12521","11092","8866","3645"
"20214","11500","강서구","72896","42699","30197","13","9849","17232","17970","17328","10504","7","4152","9863","10683","10691","7303","6","5697","7369","7287","6637","3201"
"20214","11470","양천구","78185","47405","30780","110","11981","19594","19461","16982","10057","68","5258","11670","12094","10873","7442","42","6723","7924","7367","6109","2615"
"20214","11440","마포구","112380","64378","48002","63","21556","30395","27474","20775","12117","22","9589","17331","16892","12332","8212","41","11967","13064","10582","8443","3905"
"20214","11410","서대문구","37458","21480","15978","6","4445","7981","9164","10595","5267","5","2026","4723","5177","6029","3520","1","2419","3258","3987","4566","1747"
"20214","11380","은평구","30418","15886","14532","0","3304","6173","7478","7429","6034","0","1334","3178","3682","3727","3965","0","1970","2995","3796","3702","2069"
"20214","11350","노원구","30225","16245","13980","0","3548","6008","7364","7986","5319","0","1462","3240","3762","4383","3398","0","2086","2768","3602","3603","1921"
"20214","11320","도봉구","20358","11936","8422","0","2103","4078","5125","5403","3649","0","875","2327","2917","3125","2692","0","1228","1751","2208","2278","957"
"20214","11305","강북구","16713","9306","7407","0","1272","2835","4041","4712","3853","0","396","1394","2152","2876","2488","0","876","1441","1889","1836","1365"
"20214","11290","성북구","63465","39609","23856","296","8043","15266","17845","15982","6033","123","3677","8488","10744","12145","4432","173","4366","6778","7101","3837","1601"
"20214","11260","중랑구","21341","13331","8010","1","2225","4430","5681","5772","3232","1","972","2523","3255","3792","2788","0","1253","1907","2426","1980","444"
"20214","11230","동대문구","52406","29559","22847","0","7777","11566","12461","12001","8601","0","3910","6904","6993","6247","5505","0","3867","4662","5468","5754","3096"
"20214","11215","광진구","51212","32456","18756","84","7820","10683","12669","13542","6414","19","3796","6641","8334","8971","4695","65","4024","4042","4335","4571","1719"
"20214","11200","성동구","62764","38754","24010","101","10481","15418","15192","13324","8248","62","5013","9511","9769","8475","5924","39","5468","5907","5423","4849","2324"
"20214","11170","용산구","150730","85210","65520","305","33009","45774","38513","25203","7926","107","11713","24660","24451","18370","5909","198","21296","21114","14062","6833","2017"
"20214","11140","중구","420043","232659","187384","1347","91608","132739","104423","67033","22893","420","36258","71033","66194","44477","14277","927","55350","61706","38229","22556","8616"
"20214","11110","종로구","227519","133859","93660","2095","40216","67043","63987","39799","14379","777","17360","37400","40712","27994","9616","1318","22856","29643","23275","11805","4763"
"20213","11740","강동구","51602","30059","21543","7","6651","11075","11870","12154","9845","2","3104","6402","6987","7023","6541","5","3547","4673","4883","5131","3304"
"20213","11710","송파구","333962","211758","122204","477","47884","82548","87074","77652","38327","225","24573","52549","58552","49829","26030","252","23311","29999","28522","27823","12297"
"20213","11680","강남구","954818","586673","368145","2696","189761","292020","243365","158484","68492","1137","88691","181904","167381","102668","44892","1559","101070","110116","75984","55816","23600"
"20213","11650","서초구","435344","283010","152334","1085","76621","121913","110776","91965","32984","502","36119","76823","76203","69243","24120","583","40502","45090","34573","22722","8864"
"20213","11620","관악구","39922","22760","17162","9","5893","9828","9779","8722","5691","5","2616","5590","5772","4910","3867","4","3277","4238","4007","3812","1824"
"20213","11590","동작구","49741","29805","19936","31","7957","12316","11598","10859","6980","16","4432","7682","7006","6357","4312","15","3525","4634","4592","4502","2668"
"20213","11560","영등포구","326367","223050","103317","574","57095","106251","85742","54236","22469","206","29999","74359","63902","39234","15350","368","27096","31892","21840","15002","7119"
"20213","11545","금천구","119871","77746","42125","323","20899","33375","28425","19960","16889","213","11131","22089","19703","12704","11906","110","9768","11286","8722","7256","4983"
"20213","11530","구로구","117837","74862","42975","288","20329","34189","29623","21037","12371","187","10380","22412","19569","13255","9059","101","9949","11777","10054","7782","3312"
"20213","11500","강서구","69726","40685","29041","32","9597","16549","17053","16415","10080","17","4047","9443","10189","10122","6867","15","5550","7106","6864","6293","3213"
"20213","11470","양천구","74582","45184","29398","136","11454","18625","18473","16173","9721","83","5049","11080","11481","10348","7143","53","6405","7545","6992","5825","2578"
"20213","11440","마포구","110538","63134","47404","112","21418","29855","26923","20379","11851","50","9540","16998","16504","12055","7987","62","11878","12857","10419","8324","3864"
"20213","11410","서대문구","35765","20791","14974","16","4339","7780","8758","9845","5027","13","2015","4634","5044","5735","3350","3","2324","3146","3714","4110","1677"
"20213","11380","은평구","28230","14933","13297","0","3319","5935","7136","6885","4955","0","1383","3089","3584","3536","3341","0","1936","2846","3552","3349","1614"
"20213","11350","노원구","25505","13696","11809","2","3028","5118","6230","6713","4414","2","1252","2779","3188","3681","2794","0","1776","2339","3042","3032","1620"
"20213","11320","도봉구","19769","11572","8197","0","2106","3947","4931","5173","3612","0","894","2255","2811","2990","2622","0","1212","1692","2120","2183","990"
"20213","11305","강북구","16340","8967","7373","0","1394","2897","3934","4516","3599","0","467","1422","2078","2713","2287","0","927","1475","1856","1803","1312"
"20213","11290","성북구","64812","40568","24244","284","8181","15658","18309","16394","5986","112","3798","8731","11071","12530","4326","172","4383","6927","7238","3864","1660"
"20213","11260","중랑구","22209","13629","8580","3","2487","4649","5798","5911","3361","3","1079","2620","3313","3824","2790","0","1408","2029","2485","2087","571"
"20213","11230","동대문구","51902","29182","22720","10","7788","11400","12263","11862","8579","10","3935","6776","6858","6167","5436","0","3853","4624","5405","5695","3143"
"20213","11215","광진구","51301","32479","18822","115","7832","10602","12629","13620","6503","30","3811","6569","8285","9060","4724","85","4021","4033","4344","4560","1779"
"20213","11200","성동구","60126","37456","22670","129","9888","14592","14501","12924","8092","78","4828","9123","9390","8248","5789","51","5060","5469","5111","4676","2303"
"20213","11170","용산구","147559","83992","63567","361","31828","44554","37953","25011","7852","136","11466","24167","24141","18276","5806","225","20362","20387","13812","6735","2046"
"20213","11140","중구","417576","231327","186249","1467","91366","131865","103687","66512","22679","478","36216","70639","65772","44091","14131","989","55150","61226","37915","22421","8548"
"20213","11110","종로구","230940","135543","95397","2196","40932","68016","64832","40289","14675","826","17652","37888","41170","28259","9748","1370","23280","30128","23662","12030","4927"
"20212","11740","강동구","51602","30059","21543","7","6651","11075","11870","12154","9845","2","3104","6402","6987","7023","6541","5","3547","4673","4883","5131","3304"
"20212","11710","송파구","333962","211758","122204","477","47884","82548","87074","77652","38327","225","24573","52549","58552","49829","26030","252","23311","29999","28522","27823","12297"
"20212","11680","강남구","954818","586673","368145","2696","189761","292020","243365","158484","68492","1137","88691","181904","167381","102668","44892","1559","101070","110116","75984","55816","23600"
"20212","11650","서초구","435344","283010","152334","1085","76621","121913","110776","91965","32984","502","36119","76823","76203","69243","24120","583","40502","45090","34573","22722","8864"
"20212","11620","관악구","39922","22760","17162","9","5893","9828","9779","8722","5691","5","2616","5590","5772","4910","3867","4","3277","4238","4007","3812","1824"
"20212","11590","동작구","49741","29805","19936","31","7957","12316","11598","10859","6980","16","4432","7682","7006","6357","4312","15","3525","4634","4592","4502","2668"
"20212","11560","영등포구","326367","223050","103317","574","57095","106251","85742","54236","22469","206","29999","74359","63902","39234","15350","368","27096","31892","21840","15002","7119"
"20212","11545","금천구","119871","77746","42125","323","20899","33375","28425","19960","16889","213","11131","22089","19703","12704","11906","110","9768","11286","8722","7256","4983"
"20212","11530","구로구","117837","74862","42975","288","20329","34189","29623","21037","12371","187","10380","22412","19569","13255","9059","101","9949","11777","10054","7782","3312"
"20212","11500","강서구","69726","40685","29041","32","9597","16549","17053","16415","10080","17","4047","9443","10189","10122","6867","15","5550","7106","6864","6293","3213"
"20212","11470","양천구","74582","45184","29398","136","11454","18625","18473","16173","9721","83","5049","11080","11481","10348","7143","53","6405","7545","6992","5825","2578"
"20212","11440","마포구","110538","63134","47404","112","21418","29855","26923","20379","11851","50","9540","16998","16504","12055","7987","62","11878","12857","10419","8324","3864"
"20212","11410","서대문구","35765","20791","14974","16","4339","7780","8758","9845","5027","13","2015","4634","5044","5735","3350","3","2324","3146","3714","4110","1677"
"20212","11380","은평구","28230","14933","13297","0","3319","5935","7136","6885","4955","0","1383","3089","3584","3536","3341","0","1936","2846","3552","3349","1614"
"20212","11350","노원구","25505","13696","11809","2","3028","5118","6230","6713","4414","2","1252","2779","3188","3681","2794","0","1776","2339","3042","3032","1620"
"20212","11320","도봉구","19769","11572","8197","0","2106","3947","4931","5173","3612","0","894","2255","2811","2990","2622","0","1212","1692","2120","2183","990"
"20212","11305","강북구","16340","8967","7373","0","1394","2897","3934","4516","3599","0","467","1422","2078","2713","2287","0","927","1475","1856","1803","1312"
"20212","11290","성북구","64812","40568","24244","284","8181","15658","18309","16394","5986","112","3798","8731","11071","12530","4326","172","4383","6927","7238","3864","1660"
"20212","11260","중랑구","22209","13629","8580","3","2487","4649","5798","5911","3361","3","1079","2620","3313","3824","2790","0","1408","2029","2485","2087","571"
"20212","11230","동대문구","51902","29182","22720","10","7788","11400","12263","11862","8579","10","3935","6776","6858","6167","5436","0","3853","4624","5405","5695","3143"
"20212","11215","광진구","51301","32479","18822","115","7832","10602","12629","13620","6503","30","3811","6569","8285","9060","4724","85","4021","4033","4344","4560","1779"
"20212","11200","성동구","60126","37456","22670","129","9888","14592","14501","12924","8092","78","4828","9123","9390","8248","5789","51","5060","5469","5111","4676","2303"
"20212","11170","용산구","147559","83992","63567","361","31828","44554","37953","25011","7852","136","11466","24167","24141","18276","5806","225","20362","20387","13812","6735","2046"
"20212","11140","중구","417576","231327","186249","1467","91366","131865","103687","66512","22679","478","36216","70639","65772","44091","14131","989","55150","61226","37915","22421","8548"
"20212","11110","종로구","230940","135543","95397","2196","40932","68016","64832","40289","14675","826","17652","37888","41170","28259","9748","1370","23280","30128","23662","12030","4927"
"20211","11740","강동구","51602","30059","21543","7","6651","11075","11870","12154","9845","2","3104","6402","6987","7023","6541","5","3547","4673","4883","5131","3304"
"20211","11710","송파구","333962","211758","122204","477","47884","82548","87074","77652","38327","225","24573","52549","58552","49829","26030","252","23311","29999","28522","27823","12297"
"20211","11680","강남구","954818","586673","368145","2696","189761","292020","243365","158484","68492","1137","88691","181904","167381","102668","44892","1559","101070","110116","75984","55816","23600"
"20211","11650","서초구","435344","283010","152334","1085","76621","121913","110776","91965","32984","502","36119","76823","76203","69243","24120","583","40502","45090","34573","22722","8864"
"20211","11620","관악구","39922","22760","17162","9","5893","9828","9779","8722","5691","5","2616","5590","5772","4910","3867","4","3277","4238","4007","3812","1824"
"20211","11590","동작구","49741","29805","19936","31","7957","12316","11598","10859","6980","16","4432","7682","7006","6357","4312","15","3525","4634","4592","4502","2668"
"20211","11560","영등포구","326367","223050","103317","574","57095","106251","85742","54236","22469","206","29999","74359","63902","39234","15350","368","27096","31892","21840","15002","7119"
"20211","11545","금천구","119871","77746","42125","323","20899","33375","28425","19960","16889","213","11131","22089","19703","12704","11906","110","9768","11286","8722","7256","4983"
"20211","11530","구로구","117837","74862","42975","288","20329","34189","29623","21037","12371","187","10380","22412","19569","13255","9059","101","9949","11777","10054","7782","3312"
"20211","11500","강서구","69726","40685","29041","32","9597","16549","17053","16415","10080","17","4047","9443","10189","10122","6867","15","5550","7106","6864","6293","3213"
"20211","11470","양천구","74582","45184","29398","136","11454","18625","18473","16173","9721","83","5049","11080","11481","10348","7143","53","6405","7545","6992","5825","2578"
"20211","11440","마포구","110538","63134","47404","112","21418","29855","26923","20379","11851","50","9540","16998","16504","12055","7987","62","11878","12857","10419","8324","3864"
"20211","11410","서대문구","35765","20791","14974","16","4339","7780","8758","9845","5027","13","2015","4634","5044","5735","3350","3","2324","3146","3714","4110","1677"
"20211","11380","은평구","28230","14933","13297","0","3319","5935","7136","6885","4955","0","1383","3089","3584","3536","3341","0","1936","2846","3552","3349","1614"
"20211","11350","노원구","25505","13696","11809","2","3028","5118","6230","6713","4414","2","1252","2779","3188","3681","2794","0","1776","2339","3042","3032","1620"
"20211","11320","도봉구","19769","11572","8197","0","2106","3947","4931","5173","3612","0","894","2255","2811","2990","2622","0","1212","1692","2120","2183","990"
"20211","11305","강북구","16340","8967","7373","0","1394","2897","3934","4516","3599","0","467","1422","2078","2713","2287","0","927","1475","1856","1803","1312"
"20211","11290","성북구","64812","40568","24244","284","8181","15658","18309","16394","5986","112","3798","8731","11071","12530","4326","172","4383","6927","7238","3864","1660"
"20211","11260","중랑구","22209","13629","8580","3","2487","4649","5798","5911","3361","3","1079","2620","3313","3824","2790","0","1408","2029","2485","2087","571"
"20211","11230","동대문구","51902","29182","22720","10","7788","11400","12263","11862","8579","10","3935","6776","6858","6167","5436","0","3853","4624","5405","5695","3143"
"20211","11215","광진구","51301","32479","18822","115","7832","10602","12629","13620","6503","30","3811","6569","8285","9060","4724","85","4021","4033","4344","4560","1779"
"20211","11200","성동구","60126","37456","22670","129","9888","14592","14501","12924","8092","78","4828","9123","9390","8248","5789","51","5060","5469","5111","4676","2303"
"20211","11170","용산구","147559","83992","63567","361","31828","44554","37953","25011","7852","136","11466","24167","24141","18276","5806","225","20362","20387","13812","6735","2046"
"20211","11140","중구","417576","231327","186249","1467","91366","131865","103687","66512","22679","478","36216","70639","65772","44091","14131","989","55150","61226","37915","22421","8548"
"20211","11110","종로구","230940","135543","95397","2196","40932","68016","64832","40289","14675","826","17652","37888","41170","28259","9748","1370","23280","30128","23662","12030","4927"
"20204","11740","강동구","51602","30059","21543","7","6651","11075","11870","12154","9845","2","3104","6402","6987","7023","6541","5","3547","4673","4883","5131","3304"
"20204","11710","송파구","333962","211758","122204","477","47884","82548","87074","77652","38327","225","24573","52549","58552","49829","26030","252","23311","29999","28522","27823","12297"
"20204","11680","강남구","954818","586673","368145","2696","189761","292020","243365","158484","68492","1137","88691","181904","167381","102668","44892","1559","101070","110116","75984","55816","23600"
"20204","11650","서초구","435344","283010","152334","1085","76621","121913","110776","91965","32984","502","36119","76823","76203","69243","24120","583","40502","45090","34573","22722","8864"
"20204","11620","관악구","39922","22760","17162","9","5893","9828","9779","8722","5691","5","2616","5590","5772","4910","3867","4","3277","4238","4007","3812","1824"
"20204","11590","동작구","49741","29805","19936","31","7957","12316","11598","10859","6980","16","4432","7682","7006","6357","4312","15","3525","4634","4592","4502","2668"
"20204","11560","영등포구","326367","223050","103317","574","57095","106251","85742","54236","22469","206","29999","74359","63902","39234","15350","368","27096","31892","21840","15002","7119"
"20204","11545","금천구","119871","77746","42125","323","20899","33375","28425","19960","16889","213","11131","22089","19703","12704","11906","110","9768","11286","8722","7256","4983"
"20204","11530","구로구","117837","74862","42975","288","20329","34189","29623","21037","12371","187","10380","22412","19569","13255","9059","101","9949","11777","10054","7782","3312"
"20204","11500","강서구","69726","40685","29041","32","9597","16549","17053","16415","10080","17","4047","9443","10189","10122","6867","15","5550","7106","6864","6293","3213"
"20204","11470","양천구","74582","45184","29398","136","11454","18625","18473","16173","9721","83","5049","11080","11481","10348","7143","53","6405","7545","6992","5825","2578"
"20204","11440","마포구","110538","63134","47404","112","21418","29855","26923","20379","11851","50","9540","16998","16504","12055","7987","62","11878","12857","10419","8324","3864"
"20204","11410","서대문구","35765","20791","14974","16","4339","7780","8758","9845","5027","13","2015","4634","5044","5735","3350","3","2324","3146","3714","4110","1677"
"20204","11380","은평구","28230","14933","13297","0","3319","5935","7136","6885","4955","0","1383","3089","3584","3536","3341","0","1936","2846","3552","3349","1614"
"20204","11350","노원구","25505","13696","11809","2","3028","5118","6230","6713","4414","2","1252","2779","3188","3681","2794","0","1776","2339","3042","3032","1620"
"20204","11320","도봉구","19769","11572","8197","0","2106","3947","4931","5173","3612","0","894","2255","2811","2990","2622","0","1212","1692","2120","2183","990"
"20204","11305","강북구","16340","8967","7373","0","1394","2897","3934","4516","3599","0","467","1422","2078","2713","2287","0","927","1475","1856","1803","1312"
"20204","11290","성북구","64812","40568","24244","284","8181","15658","18309","16394","5986","112","3798","8731","11071","12530","4326","172","4383","6927","7238","3864","1660"
"20204","11260","중랑구","22209","13629","8580","3","2487","4649","5798","5911","3361","3","1079","2620","3313","3824","2790","0","1408","2029","2485","2087","571"
"20204","11230","동대문구","51902","29182","22720","10","7788","11400","12263","11862","8579","10","3935","6776","6858","6167","5436","0","3853","4624","5405","5695","3143"
"20204","11215","광진구","51301","32479","18822","115","7832","10602","12629","13620","6503","30","3811","6569","8285","9060","4724","85","4021","4033","4344","4560","1779"
"20204","11200","성동구","60126","37456","22670","129","9888","14592","14501","12924","8092","78","4828","9123","9390","8248","5789","51","5060","5469","5111","4676","2303"
"20204","11170","용산구","147559","83992","63567","361","31828","44554","37953","25011","7852","136","11466","24167","24141","18276","5806","225","20362","20387","13812","6735","2046"
"20204","11140","중구","417576","231327","186249","1467","91366","131865","103687","66512","22679","478","36216","70639","65772","44091","14131","989","55150","61226","37915","22421","8548"
"20204","11110","종로구","230940","135543","95397","2196","40932","68016","64832","40289","14675","826","17652","37888","41170","28259","9748","1370","23280","30128","23662","12030","4927"
"20203","11740","강동구","51867","30113","21754","36","6703","11099","11909","12180","9940","20","3122","6379","6987","7012","6593","16","3581","4720","4922","5168","3347"
"20203","11710","송파구","328635","209239","119396","591","47153","80657","85216","76618","38400","281","24375","51784","57480","49201","26118","310","22778","28873","27736","27417","12282"
"20203","11680","강남구","937043","575924","361119","2963","186311","286727","238932","155251","66859","1284","86903","178522","164466","100728","44021","1679","99408","108205","74466","54523","22838"
"20203","11650","서초구","429125","279482","149643","1271","75422","119919","108970","91000","32543","593","35608","75656","75206","68711","23708","678","39814","44263","33764","22289","8835"
"20203","11620","관악구","40404","22975","17429","28","6019","9875","9841","8805","5836","16","2683","5582","5799","4967","3928","12","3336","4293","4042","3838","1908"
"20203","11590","동작구","49435","29467","19968","54","7954","12254","11515","10733","6925","31","4392","7559","6928","6297","4260","23","3562","4695","4587","4436","2665"
"20203","11560","영등포구","327418","223701","103717","672","57298","106519","86002","54337","22590","250","30126","74588","64087","39279","15371","422","27172","31931","21915","15058","7219"
"20203","11545","금천구","110694","71691","39003","327","19147","30503","26108","18519","16090","221","10197","20156","18042","11760","11315","106","8950","10347","8066","6759","4775"
"20203","11530","구로구","108376","68801","39575","300","18269","30868","27201","19902","11836","191","9326","20194","17927","12558","8605","109","8943","10674","9274","7344","3231"
"20203","11500","강서구","69500","40381","29119","66","9656","16452","16938","16289","10099","33","4087","9367","10094","9977","6823","33","5569","7085","6844","6312","3276"
"20203","11470","양천구","74776","45303","29473","164","11398","18435","18445","16260","10074","99","5036","10972","11440","10360","7396","65","6362","7463","7005","5900","2678"
"20203","11440","마포구","109391","62551","46840","227","21057","29628","26690","20083","11706","118","9381","16877","16404","11918","7853","109","11676","12751","10286","8165","3853"
"20203","11410","서대문구","34981","20224","14757","41","4340","7629","8538","9618","4815","24","2023","4520","4870","5588","3199","17","2317","3109","3668","4030","1616"
"20203","11380","은평구","28934","15238","13696","7","3494","6060","7232","7014","5127","3","1480","3144","3621","3589","3401","4","2014","2916","3611","3425","1726"
"20203","11350","노원구","25923","13935","11988","19","3097","5185","6305","6804","4513","16","1301","2793","3234","3732","2859","3","1796","2392","3071","3072","1654"
"20203","11320","도봉구","20014","11682","8332","4","2196","4009","4944","5180","3681","4","944","2285","2819","2994","2636","0","1252","1724","2125","2186","1045"
"20203","11305","강북구","17334","9455","7879","3","1623","3081","4129","4686","3812","3","585","1510","2183","2782","2392","0","1038","1571","1946","1904","1420"
"20203","11290","성북구","59064","36399","22665","254","7267","14131","16650","14921","5841","94","3335","7713","9843","11232","4182","160","3932","6418","6807","3689","1659"
"20203","11260","중랑구","22087","13418","8669","8","2574","4620","5747","5801","3337","6","1137","2596","3276","3707","2696","2","1437","2024","2471","2094","641"
"20203","11230","동대문구","52698","29540","23158","54","7905","11543","12442","12006","8748","44","3981","6811","6932","6251","5521","10","3924","4732","5510","5755","3227"
"20203","11215","광진구","48020","30131","17889","136","7183","9884","11825","12715","6277","43","3499","6089","7690","8335","4475","93","3684","3795","4135","4380","1802"
"20203","11200","성동구","60249","37462","22787","181","9907","14536","14471","12933","8221","105","4839","9098","9364","8226","5830","76","5068","5438","5107","4707","2391"
"20203","11170","용산구","146663","82562","64101","420","32081","44625","37390","24349","7798","171","11420","23943","23603","17705","5720","249","20661","20682","13787","6644","2078"
"20203","11140","중구","414496","229435","185061","1589","90615","130991","102900","65966","22435","527","35732","69965","65281","43908","14022","1062","54883","61026","37619","22058","8413"
"20203","11110","종로구","230853","135290","95563","2334","41050","67759","64767","40262","14681","896","17742","37630","41049","28226","9747","1438","23308","30129","23718","12036","4934"
"20202","11740","강동구","51867","30113","21754","36","6703","11099","11909","12180","9940","20","3122","6379","6987","7012","6593","16","3581","4720","4922","5168","3347"
"20202","11710","송파구","328635","209239","119396","591","47153","80657","85216","76618","38400","281","24375","51784","57480","49201","26118","310","22778","28873","27736","27417","12282"
"20202","11680","강남구","937043","575924","361119","2963","186311","286727","238932","155251","66859","1284","86903","178522","164466","100728","44021","1679","99408","108205","74466","54523","22838"
"20202","11650","서초구","429125","279482","149643","1271","75422","119919","108970","91000","32543","593","35608","75656","75206","68711","23708","678","39814","44263","33764","22289","8835"
"20202","11620","관악구","40404","22975","17429","28","6019","9875","9841","8805","5836","16","2683","5582","5799","4967","3928","12","3336","4293","4042","3838","1908"
"20202","11590","동작구","49435","29467","19968","54","7954","12254","11515","10733","6925","31","4392","7559","6928","6297","4260","23","3562","4695","4587","4436","2665"
"20202","11560","영등포구","327418","223701","103717","672","57298","106519","86002","54337","22590","250","30126","74588","64087","39279","15371","422","27172","31931","21915","15058","7219"
"20202","11545","금천구","110694","71691","39003","327","19147","30503","26108","18519","16090","221","10197","20156","18042","11760","11315","106","8950","10347","8066","6759","4775"
"20202","11530","구로구","108376","68801","39575","300","18269","30868","27201","19902","11836","191","9326","20194","17927","12558","8605","109","8943","10674","9274","7344","3231"
"20202","11500","강서구","69500","40381","29119","66","9656","16452","16938","16289","10099","33","4087","9367","10094","9977","6823","33","5569","7085","6844","6312","3276"
"20202","11470","양천구","74776","45303","29473","164","11398","18435","18445","16260","10074","99","5036","10972","11440","10360","7396","65","6362","7463","7005","5900","2678"
"20202","11440","마포구","109391","62551","46840","227","21057","29628","26690","20083","11706","118","9381","16877","16404","11918","7853","109","11676","12751","10286","8165","3853"
"20202","11410","서대문구","34981","20224","14757","41","4340","7629","8538","9618","4815","24","2023","4520","4870","5588","3199","17","2317","3109","3668","4030","1616"
"20202","11380","은평구","28934","15238","13696","7","3494","6060","7232","7014","5127","3","1480","3144","3621","3589","3401","4","2014","2916","3611","3425","1726"
"20202","11350","노원구","25923","13935","11988","19","3097","5185","6305","6804","4513","16","1301","2793","3234","3732","2859","3","1796","2392","3071","3072","1654"
"20202","11320","도봉구","20014","11682","8332","4","2196","4009","4944","5180","3681","4","944","2285","2819","2994","2636","0","1252","1724","2125","2186","1045"
"20202","11305","강북구","17334","9455","7879","3","1623","3081","4129","4686","3812","3","585","1510","2183","2782","2392","0","1038","1571","1946","1904","1420"
"20202","11290","성북구","59064","36399","22665","254","7267","14131","16650","14921","5841","94","3335","7713","9843","11232","4182","160","3932","6418","6807","3689","1659"
"20202","11260","중랑구","22087","13418","8669","8","2574","4620","5747","5801","3337","6","1137","2596","3276","3707","2696","2","1437","2024","2471","2094","641"
"20202","11230","동대문구","52698","29540","23158","54","7905","11543","12442","12006","8748","44","3981","6811","6932","6251","5521","10","3924","4732","5510","5755","3227"
"20202","11215","광진구","48020","30131","17889","136","7183","9884","11825","12715","6277","43","3499","6089","7690","8335","4475","93","3684","3795","4135","4380","1802"
"20202","11200","성동구","60249","37462","22787","181","9907","14536","14471","12933","8221","105","4839","9098","9364","8226","5830","76","5068","5438","5107","4707","2391"
"20202","11170","용산구","146663","82562","64101","420","32081","44625","37390","24349","7798","171","11420","23943","23603","17705","5720","249","20661","20682","13787","6644","2078"
"20202","11140","중구","414496","229435","185061","1589","90615","130991","102900","65966","22435","527","35732","69965","65281","43908","14022","1062","54883","61026","37619","22058","8413"
"20202","11110","종로구","230853","135290","95563","2334","41050","67759","64767","40262","14681","896","17742","37630","41049","28226","9747","1438","23308","30129","23718","12036","4934"
"20201","11740","강동구","51867","30113","21754","36","6703","11099","11909","12180","9940","20","3122","6379","6987","7012","6593","16","3581","4720","4922","5168","3347"
"20201","11710","송파구","328635","209239","119396","591","47153","80657","85216","76618","38400","281","24375","51784","57480","49201","26118","310","22778","28873","27736","27417","12282"
"20201","11680","강남구","937043","575924","361119","2963","186311","286727","238932","155251","66859","1284","86903","178522","164466","100728","44021","1679","99408","108205","74466","54523","22838"
"20201","11650","서초구","429125","279482","149643","1271","75422","119919","108970","91000","32543","593","35608","75656","75206","68711","23708","678","39814","44263","33764","22289","8835"
"20201","11620","관악구","40404","22975","17429","28","6019","9875","9841","8805","5836","16","2683","5582","5799","4967","3928","12","3336","4293","4042","3838","1908"
"20201","11590","동작구","49435","29467","19968","54","7954","12254","11515","10733","6925","31","4392","7559","6928","6297","4260","23","3562","4695","4587","4436","2665"
"20201","11560","영등포구","327418","223701","103717","672","57298","106519","86002","54337","22590","250","30126","74588","64087","39279","15371","422","27172","31931","21915","15058","7219"
"20201","11545","금천구","110694","71691","39003","327","19147","30503","26108","18519","16090","221","10197","20156","18042","11760","11315","106","8950","10347","8066","6759","4775"
"20201","11530","구로구","108376","68801","39575","300","18269","30868","27201","19902","11836","191","9326","20194","17927","12558","8605","109","8943","10674","9274","7344","3231"
"20201","11500","강서구","69500","40381","29119","66","9656","16452","16938","16289","10099","33","4087","9367","10094","9977","6823","33","5569","7085","6844","6312","3276"
"20201","11470","양천구","74776","45303","29473","164","11398","18435","18445","16260","10074","99","5036","10972","11440","10360","7396","65","6362","7463","7005","5900","2678"
"20201","11440","마포구","109391","62551","46840","227","21057","29628","26690","20083","11706","118","9381","16877","16404","11918","7853","109","11676","12751","10286","8165","3853"
"20201","11410","서대문구","34981","20224","14757","41","4340","7629","8538","9618","4815","24","2023","4520","4870","5588","3199","17","2317","3109","3668","4030","1616"
"20201","11380","은평구","28934","15238","13696","7","3494","6060","7232","7014","5127","3","1480","3144","3621","3589","3401","4","2014","2916","3611","3425","1726"
"20201","11350","노원구","25923","13935","11988","19","3097","5185","6305","6804","4513","16","1301","2793","3234","3732","2859","3","1796","2392","3071","3072","1654"
"20201","11320","도봉구","20014","11682","8332","4","2196","4009","4944","5180","3681","4","944","2285","2819","2994","2636","0","1252","1724","2125","2186","1045"
"20201","11305","강북구","17334","9455","7879","3","1623","3081","4129","4686","3812","3","585","1510","2183","2782","2392","0","1038","1571","1946","1904","1420"
"20201","11290","성북구","59064","36399","22665","254","7267","14131","16650","14921","5841","94","3335","7713","9843","11232","4182","160","3932","6418","6807","3689","1659"
"20201","11260","중랑구","22087","13418","8669","8","2574","4620","5747","5801","3337","6","1137","2596","3276","3707","2696","2","1437","2024","2471","2094","641"
"20201","11230","동대문구","52698","29540","23158","54","7905","11543","12442","12006","8748","44","3981","6811","6932","6251","5521","10","3924","4732","5510","5755","3227"
"20201","11215","광진구","48020","30131","17889","136","7183","9884","11825","12715","6277","43","3499","6089","7690","8335","4475","93","3684","3795","4135","4380","1802"
"20201","11200","성동구","60249","37462","22787","181","9907","14536","14471","12933","8221","105","4839","9098","9364","8226","5830","76","5068","5438","5107","4707","2391"
"20201","11170","용산구","146663","82562","64101","420","32081","44625","37390","24349","7798","171","11420","23943","23603","17705","5720","249","20661","20682","13787","6644","2078"
"20201","11140","중구","414496","229435","185061","1589","90615","130991","102900","65966","22435","527","35732","69965","65281","43908","14022","1062","54883","61026","37619","22058","8413"
"20201","11110","종로구","230853","135290","95563","2334","41050","67759","64767","40262","14681","896","17742","37630","41049","28226","9747","1438","23308","30129","23718","12036","4934"
"20194","11740","강동구","51867","30113","21754","36","6703","11099","11909","12180","9940","20","3122","6379","6987","7012","6593","16","3581","4720","4922","5168","3347"
"20194","11710","송파구","328635","209239","119396","591","47153","80657","85216","76618","38400","281","24375","51784","57480","49201","26118","310","22778","28873","27736","27417","12282"
"20194","11680","강남구","937043","575924","361119","2963","186311","286727","238932","155251","66859","1284","86903","178522","164466","100728","44021","1679","99408","108205","74466","54523","22838"
"20194","11650","서초구","429125","279482","149643","1271","75422","119919","108970","91000","32543","593","35608","75656","75206","68711","23708","678","39814","44263","33764","22289","8835"
"20194","11620","관악구","40404","22975","17429","28","6019","9875","9841","8805","5836","16","2683","5582","5799","4967","3928","12","3336","4293","4042","3838","1908"
"20194","11590","동작구","49435","29467","19968","54","7954","12254","11515","10733","6925","31","4392","7559","6928","6297","4260","23","3562","4695","4587","4436","2665"
"20194","11560","영등포구","327418","223701","103717","672","57298","106519","86002","54337","22590","250","30126","74588","64087","39279","15371","422","27172","31931","21915","15058","7219"
"20194","11545","금천구","110694","71691","39003","327","19147","30503","26108","18519","16090","221","10197","20156","18042","11760","11315","106","8950","10347","8066","6759","4775"
"20194","11530","구로구","108376","68801","39575","300","18269","30868","27201","19902","11836","191","9326","20194","17927","12558","8605","109","8943","10674","9274","7344","3231"
"20194","11500","강서구","69500","40381","29119","66","9656","16452","16938","16289","10099","33","4087","9367","10094","9977","6823","33","5569","7085","6844","6312","3276"
"20194","11470","양천구","74776","45303","29473","164","11398","18435","18445","16260","10074","99","5036","10972","11440","10360","7396","65","6362","7463","7005","5900","2678"
"20194","11440","마포구","109391","62551","46840","227","21057","29628","26690","20083","11706","118","9381","16877","16404","11918","7853","109","11676","12751","10286","8165","3853"
"20194","11410","서대문구","34981","20224","14757","41","4340","7629","8538","9618","4815","24","2023","4520","4870","5588","3199","17","2317","3109","3668","4030","1616"
"20194","11380","은평구","28934","15238","13696","7","3494","6060","7232","7014","5127","3","1480","3144","3621","3589","3401","4","2014","2916","3611","3425","1726"
"20194","11350","노원구","25923","13935","11988","19","3097","5185","6305","6804","4513","16","1301","2793","3234","3732","2859","3","1796","2392","3071","3072","1654"
"20194","11320","도봉구","20014","11682","8332","4","2196","4009","4944","5180","3681","4","944","2285","2819","2994","2636","0","1252","1724","2125","2186","1045"
"20194","11305","강북구","17334","9455","7879","3","1623","3081","4129","4686","3812","3","585","1510","2183","2782","2392","0","1038","1571","1946","1904","1420"
"20194","11290","성북구","59064","36399","22665","254","7267","14131","16650","14921","5841","94","3335","7713","9843","11232","4182","160","3932","6418","6807","3689","1659"
"20194","11260","중랑구","22087","13418","8669","8","2574","4620","5747","5801","3337","6","1137","2596","3276","3707","2696","2","1437","2024","2471","2094","641"
"20194","11230","동대문구","52698","29540","23158","54","7905","11543","12442","12006","8748","44","3981","6811","6932","6251","5521","10","3924","4732","5510","5755","3227"
"20194","11215","광진구","48020","30131","17889","136","7183","9884","11825","12715","6277","43","3499","6089","7690","8335","4475","93","3684","3795","4135","4380","1802"
"20194","11200","성동구","60249","37462","22787","181","9907","14536","14471","12933","8221","105","4839","9098","9364","8226","5830","76","5068","5438","5107","4707","2391"
"20194","11170","용산구","146663","82562","64101","420","32081","44625","37390","24349","7798","171","11420","23943","23603","17705","5720","249","20661","20682","13787","6644","2078"
"20194","11140","중구","414496","229435","185061","1589","90615","130991","102900","65966","22435","527","35732","69965","65281","43908","14022","1062","54883","61026","37619","22058","8413"
"20194","11110","종로구","230853","135290","95563","2334","41050","67759","64767","40262","14681","896","17742","37630","41049","28226","9747","1438","23308","30129","23718","12036","4934"
"20193","11740","강동구","51867","30113","21754","36","6703","11099","11909","12180","9940","20","3122","6379","6987","7012","6593","16","3581","4720","4922","5168","3347"
"20193","11710","송파구","328635","209239","119396","591","47153","80657","85216","76618","38400","281","24375","51784","57480","49201","26118","310","22778","28873","27736","27417","12282"
"20193","11680","강남구","937043","575924","361119","2963","186311","286727","238932","155251","66859","1284","86903","178522","164466","100728","44021","1679","99408","108205","74466","54523","22838"
"20193","11650","서초구","429125","279482","149643","1271","75422","119919","108970","91000","32543","593","35608","75656","75206","68711","23708","678","39814","44263","33764","22289","8835"
"20193","11620","관악구","40404","22975","17429","28","6019","9875","9841","8805","5836","16","2683","5582","5799","4967","3928","12","3336","4293","4042","3838","1908"
"20193","11590","동작구","49435","29467","19968","54","7954","12254","11515","10733","6925","31","4392","7559","6928","6297","4260","23","3562","4695","4587","4436","2665"
"20193","11560","영등포구","327418","223701","103717","672","57298","106519","86002","54337","22590","250","30126","74588","64087","39279","15371","422","27172","31931","21915","15058","7219"
"20193","11545","금천구","110694","71691","39003","327","19147","30503","26108","18519","16090","221","10197","20156","18042","11760","11315","106","8950","10347","8066","6759","4775"
"20193","11530","구로구","108376","68801","39575","300","18269","30868","27201","19902","11836","191","9326","20194","17927","12558","8605","109","8943","10674","9274","7344","3231"
"20193","11500","강서구","69500","40381","29119","66","9656","16452","16938","16289","10099","33","4087","9367","10094","9977","6823","33","5569","7085","6844","6312","3276"
"20193","11470","양천구","74776","45303","29473","164","11398","18435","18445","16260","10074","99","5036","10972","11440","10360","7396","65","6362","7463","7005","5900","2678"
"20193","11440","마포구","109391","62551","46840","227","21057","29628","26690","20083","11706","118","9381","16877","16404","11918","7853","109","11676","12751","10286","8165","3853"
"20193","11410","서대문구","34981","20224","14757","41","4340","7629","8538","9618","4815","24","2023","4520","4870","5588","3199","17","2317","3109","3668","4030","1616"
"20193","11380","은평구","28934","15238","13696","7","3494","6060","7232","7014","5127","3","1480","3144","3621","3589","3401","4","2014","2916","3611","3425","1726"
"20193","11350","노원구","25923","13935","11988","19","3097","5185","6305","6804","4513","16","1301","2793","3234","3732","2859","3","1796","2392","3071","3072","1654"
"20193","11320","도봉구","20014","11682","8332","4","2196","4009","4944","5180","3681","4","944","2285","2819","2994","2636","0","1252","1724","2125","2186","1045"
"20193","11305","강북구","17334","9455","7879","3","1623","3081","4129","4686","3812","3","585","1510","2183","2782","2392","0","1038","1571","1946","1904","1420"
"20193","11290","성북구","59064","36399","22665","254","7267","14131","16650","14921","5841","94","3335","7713","9843","11232","4182","160","3932","6418","6807","3689","1659"
"20193","11260","중랑구","22087","13418","8669","8","2574","4620","5747","5801","3337","6","1137","2596","3276","3707","2696","2","1437","2024","2471","2094","641"
"20193","11230","동대문구","52698","29540","23158","54","7905","11543","12442","12006","8748","44","3981","6811","6932","6251","5521","10","3924","4732","5510","5755","3227"
"20193","11215","광진구","48020","30131","17889","136","7183","9884","11825","12715","6277","43","3499","6089","7690","8335","4475","93","3684","3795","4135","4380","1802"
"20193","11200","성동구","60249","37462","22787","181","9907","14536","14471","12933","8221","105","4839","9098","9364","8226","5830","76","5068","5438","5107","4707","2391"
"20193","11170","용산구","146663","82562","64101","420","32081","44625","37390","24349","7798","171","11420","23943","23603","17705","5720","249","20661","20682","13787","6644","2078"
"20193","11140","중구","414496","229435","185061","1589","90615","130991","102900","65966","22435","527","35732","69965","65281","43908","14022","1062","54883","61026","37619","22058","8413"
"20193","11110","종로구","230853","135290","95563","2334","41050","67759","64767","40262","14681","896","17742","37630","41049","28226","9747","1438","23308","30129","23718","12036","4934"
"20192","11740","강동구","51867","30113","21754","36","6703","11099","11909","12180","9940","20","3122","6379","6987","7012","6593","16","3581","4720","4922","5168","3347"
"20192","11710","송파구","328635","209239","119396","591","47153","80657","85216","76618","38400","281","24375","51784","57480","49201","26118","310","22778","28873","27736","27417","12282"
"20192","11680","강남구","937043","575924","361119","2963","186311","286727","238932","155251","66859","1284","86903","178522","164466","100728","44021","1679","99408","108205","74466","54523","22838"
"20192","11650","서초구","429125","279482","149643","1271","75422","119919","108970","91000","32543","593","35608","75656","75206","68711","23708","678","39814","44263","33764","22289","8835"
"20192","11620","관악구","40404","22975","17429","28","6019","9875","9841","8805","5836","16","2683","5582","5799","4967","3928","12","3336","4293","4042","3838","1908"
"20192","11590","동작구","49435","29467","19968","54","7954","12254","11515","10733","6925","31","4392","7559","6928","6297","4260","23","3562","4695","4587","4436","2665"
"20192","11560","영등포구","327418","223701","103717","672","57298","106519","86002","54337","22590","250","30126","74588","64087","39279","15371","422","27172","31931","21915","15058","7219"
"20192","11545","금천구","110694","71691","39003","327","19147","30503","26108","18519","16090","221","10197","20156","18042","11760","11315","106","8950","10347","8066","6759","4775"
"20192","11530","구로구","108376","68801","39575","300","18269","30868","27201","19902","11836","191","9326","20194","17927","12558","8605","109","8943","10674","9274","7344","3231"
"20192","11500","강서구","69500","40381","29119","66","9656","16452","16938","16289","10099","33","4087","9367","10094","9977","6823","33","5569","7085","6844","6312","3276"
"20192","11470","양천구","74776","45303","29473","164","11398","18435","18445","16260","10074","99","5036","10972","11440","10360","7396","65","6362","7463","7005","5900","2678"
"20192","11440","마포구","109391","62551","46840","227","21057","29628","26690","20083","11706","118","9381","16877","16404","11918","7853","109","11676","12751","10286","8165","3853"
"20192","11410","서대문구","34981","20224","14757","41","4340","7629","8538","9618","4815","24","2023","4520","4870","5588","3199","17","2317","3109","3668","4030","1616"
"20192","11380","은평구","28934","15238","13696","7","3494","6060","7232","7014","5127","3","1480","3144","3621","3589","3401","4","2014","2916","3611","3425","1726"
"20192","11350","노원구","25923","13935","11988","19","3097","5185","6305","6804","4513","16","1301","2793","3234","3732","2859","3","1796","2392","3071","3072","1654"
"20192","11320","도봉구","20014","11682","8332","4","2196","4009","4944","5180","3681","4","944","2285","2819","2994","2636","0","1252","1724","2125","2186","1045"
"20192","11305","강북구","17334","9455","7879","3","1623","3081","4129","4686","3812","3","585","1510","2183","2782","2392","0","1038","1571","1946","1904","1420"
"20192","11290","성북구","59064","36399","22665","254","7267","14131","16650","14921","5841","94","3335","7713","9843","11232","4182","160","3932","6418","6807","3689","1659"
"20192","11260","중랑구","22087","13418","8669","8","2574","4620","5747","5801","3337","6","1137","2596","3276","3707","2696","2","1437","2024","2471","2094","641"
"20192","11230","동대문구","52698","29540","23158","54","7905","11543","12442","12006","8748","44","3981","6811","6932","6251","5521","10","3924","4732","5510","5755","3227"
"20192","11215","광진구","48020","30131","17889","136","7183","9884","11825","12715","6277","43","3499","6089","7690","8335","4475","93","3684","3795","4135","4380","1802"
"20192","11200","성동구","60249","37462","22787","181","9907","14536","14471","12933","8221","105","4839","9098","9364","8226","5830","76","5068","5438","5107","4707","2391"
"20192","11170","용산구","146663","82562","64101","420","32081","44625","37390","24349","7798","171","11420","23943","23603","17705","5720","249","20661","20682","13787","6644","2078"
"20192","11140","중구","414496","229435","185061","1589","90615","130991","102900","65966","22435","527","35732","69965","65281","43908","14022","1062","54883","61026","37619","22058","8413"
"20192","11110","종로구","230853","135290","95563","2334","41050","67759","64767","40262","14681","896","17742","37630","41049","28226","9747","1438","23308","30129","23718","12036","4934"
"20191","11740","강동구","51867","30113","21754","36","6703","11099","11909","12180","9940","20","3122","6379","6987","7012","6593","16","3581","4720","4922","5168","3347"
"20191","11710","송파구","328635","209239","119396","591","47153","80657","85216","76618","38400","281","24375","51784","57480","49201","26118","310","22778","28873","27736","27417","12282"
"20191","11680","강남구","937043","575924","361119","2963","186311","286727","238932","155251","66859","1284","86903","178522","164466","100728","44021","1679","99408","108205","74466","54523","22838"
"20191","11650","서초구","429125","279482","149643","1271","75422","119919","108970","91000","32543","593","35608","75656","75206","68711","23708","678","39814","44263","33764","22289","8835"
"20191","11620","관악구","40404","22975","17429","28","6019","9875","9841","8805","5836","16","2683","5582","5799","4967","3928","12","3336","4293","4042","3838","1908"
"20191","11590","동작구","49435","29467","19968","54","7954","12254","11515","10733","6925","31","4392","7559","6928","6297","4260","23","3562","4695","4587","4436","2665"
"20191","11560","영등포구","327418","223701","103717","672","57298","106519","86002","54337","22590","250","30126","74588","64087","39279","15371","422","27172","31931","21915","15058","7219"
"20191","11545","금천구","110694","71691","39003","327","19147","30503","26108","18519","16090","221","10197","20156","18042","11760","11315","106","8950","10347","8066","6759","4775"
"20191","11530","구로구","108376","68801","39575","300","18269","30868","27201","19902","11836","191","9326","20194","17927","12558","8605","109","8943","10674","9274","7344","3231"
"20191","11500","강서구","69500","40381","29119","66","9656","16452","16938","16289","10099","33","4087","9367","10094","9977","6823","33","5569","7085","6844","6312","3276"
"20191","11470","양천구","74776","45303","29473","164","11398","18435","18445","16260","10074","99","5036","10972","11440","10360","7396","65","6362","7463","7005","5900","2678"
"20191","11440","마포구","109391","62551","46840","227","21057","29628","26690","20083","11706","118","9381","16877","16404","11918","7853","109","11676","12751","10286","8165","3853"
"20191","11410","서대문구","34981","20224","14757","41","4340","7629","8538","9618","4815","24","2023","4520","4870","5588","3199","17","2317","3109","3668","4030","1616"
"20191","11380","은평구","28934","15238","13696","7","3494","6060","7232","7014","5127","3","1480","3144","3621","3589","3401","4","2014","2916","3611","3425","1726"
"20191","11350","노원구","25923","13935","11988","19","3097","5185","6305","6804","4513","16","1301","2793","3234","3732","2859","3","1796","2392","3071","3072","1654"
"20191","11320","도봉구","20014","11682","8332","4","2196","4009","4944","5180","3681","4","944","2285","2819","2994","2636","0","1252","1724","2125","2186","1045"
"20191","11305","강북구","17334","9455","7879","3","1623","3081","4129","4686","3812","3","585","1510","2183","2782","2392","0","1038","1571","1946","1904","1420"
"20191","11290","성북구","59064","36399","22665","254","7267","14131","16650","14921","5841","94","3335","7713","9843","11232","4182","160","3932","6418","6807","3689","1659"
"20191","11260","중랑구","22087","13418","8669","8","2574","4620","5747","5801","3337","6","1137","2596","3276","3707","2696","2","1437","2024","2471","2094","641"
"20191","11230","동대문구","52698","29540","23158","54","7905","11543","12442","12006","8748","44","3981","6811","6932","6251","5521","10","3924","4732","5510","5755","3227"
"20191","11215","광진구","48020","30131","17889","136","7183","9884","11825","12715","6277","43","3499","6089","7690","8335","4475","93","3684","3795","4135","4380","1802"
"20191","11200","성동구","60249","37462","22787","181","9907","14536","14471","12933","8221","105","4839","9098","9364","8226","5830","76","5068","5438","5107","4707","2391"
"20191","11170","용산구","146663","82562","64101","420","32081","44625","37390","24349","7798","171","11420","23943","23603","17705","5720","249","20661","20682","13787","6644","2078"
"20191","11140","중구","414496","229435","185061","1589","90615","130991","102900","65966","22435","527","35732","69965","65281","43908","14022","1062","54883","61026","37619","22058","8413"
"20191","11110","종로구","230853","135290","95563","2334","41050","67759","64767","40262","14681","896","17742","37630","41049","28226","9747","1438","23308","30129","23718","12036","4934"
